product_id,product_name,brand_name,category_id,color,unit_price,size,product_description
1V55GE7CU41,Whispers of Wonder,Whispering Willow Publishing,25765261-1,Default,38.19,Default,Mystery
3YD6TE9HQ38,Whispers of Wisdom,Twilight Publications,25765261-1,Default,12.58,Default,Romance
5WA6QY1DD00,Whispers of the Wind,Whispering Willow Publishing,25765261-1,Default,32.61,Default,Fantasy
5PV5D00DW17,Whispers of the Soul,Celestial Books,25765261-1,Default,30.22,Default,Science Fiction
6NC4AV4RC77,Whispers of the Heart,Mystic Press,25765261-1,Default,47.38,Default,Thriller
4VT0G87GW95,Whispering Winds,Mystic Press,25765261-1,Default,28.91,Default,Drama
7WM0DW1XK44,Whispering Whispers,Twilight Publications,25765261-1,Default,13.83,Default,Suspense
4QU5NY0KF75,Whispering Waters,Serenity Books,25765261-1,Default,39.41,Default,Memoir
2D81JA7WG42,Whispering Voices,Enchanted Editions,25765261-1,Default,51.78,Default,Satire
8FY9Q29QR12,Whispering Tides,Stardust Publishing,25765261-1,Default,31.96,Default,Action
1VP3X75GX09,Whispering Secrets,Enchanted Editions,25765261-1,Default,44.49,Default,Mystery
6CT0GT3GM72,Whispering Meadows,Whispering Willow Publishing,25765261-1,Default,16.16,Default,Romance
8NE7U26UQ11,Whispering Legends,Celestial Books,25765261-1,Default,50.18,Default,Fantasy
3M19DG1GJ41,Whispering Echoes,Everglow Publications,25765261-1,Default,21.55,Default,Science Fiction
5N39QV6HW39,The Whispering Woods,Everglow Publications,25765261-1,Default,38.06,Default,Thriller
6AQ0QD0VQ97,The Silent Symphony,Celestial Books,25765261-1,Default,24.15,Default,Historical Fiction
7C94KT1YQ97,The Secret Garden,Everglow Publications,25765261-1,Default,43.6,Default,Horror
1R23DY0QV25,The Midnight Garden,Twilight Publications,25765261-1,Default,27.6,Default,Adventure
9WD2E23GK34,The Hidden Forest,Serenity Books,25765261-1,Default,45.85,Default,Biography
8QF7N66QQ32,The Enchanted Lake,Celestial Books,25765261-1,Default,49.09,Default,Self-Help
8K97AE2VE45,The Enchanted Garden,Serenity Books,25765261-1,Default,37.26,Default,Travel
6UN3CD7YJ50,The Enchanted Forest,Moonlit Press,25765261-1,Default,28.62,Default,Poetry
2G08AR3RT08,Tales of Twilight,Moonlit Press,25765261-1,Default,15.2,Default,Comedy
4ND6W41QW92,Starlight Visions,Serenity Books,25765261-1,Default,34.91,Default,Drama
9GE1XX4DP54,Starlight Symphony,Mystic Press,25765261-1,Default,28.38,Default,Suspense
8C14J72CQ11,Starlight Sonata,Mystic Press,25765261-1,Default,44.43,Default,Memoir
2RV8PE2YY41,Starlight Shadows,Aurora Books,25765261-1,Default,14.8,Default,Satire
9MF5TK4JD05,Starlight Serenade,Everglow Publications,25765261-1,Default,0.43,Default,Action
8J42UQ1UW92,Starlight Adventures,Enchanted Editions,25765261-1,Default,3.01,Default,Science Fiction
8NK1AD8FJ35,Songs of the Soul,Twilight Publications,25765261-1,Default,30.83,Default,Thriller
1VY5X56HD78,Songs of the Sky,Mystic Press,25765261-1,Default,43.43,Default,Historical Fiction
8M95T99FE41,Songs of Sorrow,Moonlit Press,25765261-1,Default,38.07,Default,Horror
8G35TA9RY08,Songs of Solitude,Whispering Willow Publishing,25765261-1,Default,28.26,Default,Adventure
3DD5KX0DW16,Shadows of Silence,Stardust Publishing,25765261-1,Default,18.23,Default,Biography
9GH4AV7XV99,Serenity Falls,Stardust Publishing,25765261-1,Default,1.14,Default,Self-Help
1PE8E49YX05,Serenade of the Sea,Whispering Willow Publishing,25765261-1,Default,19.49,Default,Travel
5AU7V68CY09,Serenade of Splendor,Aurora Books,25765261-1,Default,20.1,Default,Poetry
4JC6XJ5PV68,Serenade of Solitude,Twilight Publications,25765261-1,Default,7.7,Default,Comedy
8WX9T98EC83,Serenade of Shadows,Celestial Books,25765261-1,Default,52.11,Default,Drama
6HP6PN8HR49,Secrets of the Night,Aurora Books,25765261-1,Default,16.37,Default,Satire
1NW1NY0PP73,Moonlit Whispers,Whispering Willow Publishing,25765261-1,Default,50.61,Default,Action
1QE4JU4NN11,Moonlit Reflections,Everglow Publications,25765261-1,Default,52.51,Default,Mystery
7E52K85VN57,Moonlit Mysteries,Whispering Willow Publishing,25765261-1,Default,26.89,Default,Romance
5XN8A33AQ51,Moonlit Musings,Serenity Books,25765261-1,Default,25.19,Default,Fantasy
2EQ5WP3MN59,Moonlit Moments,Everglow Publications,25765261-1,Default,47.25,Default,Science Fiction
3XA6E01PG70,Moonlit Memories,Whispering Willow Publishing,25765261-1,Default,34.93,Default,Thriller
2N70DH5QP80,Moonlit Melodies,Enchanted Editions,25765261-1,Default,21.72,Default,Historical Fiction
9J72C51NG07,Moonlit Magic,Everglow Publications,25765261-1,Default,5.94,Default,Horror
2Q58KN3WF43,Moonlit Escapes,Serenity Books,25765261-1,Default,5.81,Default,Adventure
9W78TC5EQ21,Moonlit Adventures,Moonlit Press,25765261-1,Default,25.43,Default,Biography
9WF1N45DR56,Midnight Serenade,Moonlit Press,25765261-1,Default,34.56,Default,Self-Help
7DR2E19WJ69,Midnight Memories,Stardust Publishing,25765261-1,Default,39.05,Default,Travel
2X31C17VX03,Midnight Magic,Twilight Publications,25765261-1,Default,36.38,Default,Poetry
9J80C95GC78,Journey to the Unknown,Moonlit Press,25765261-1,Default,30.15,Default,Comedy
3T84VF4QD71,Journey to the Stars,Enchanted Editions,25765261-1,Default,30.44,Default,Drama
5JU5TJ3CT75,Journey to the Edge,Everglow Publications,25765261-1,Default,35.18,Default,Suspense
9XR3KP7YH85,Journey to Freedom,Everglow Publications,25765261-1,Default,23.04,Default,Memoir
4QK4QK4PX53,Journey to Forever,Moonlit Press,25765261-1,Default,1.23,Default,Satire
2CK5AX9KH72,Journey,Moonlit Press,25765261-1,Default,52.53,Default,Action
7J52G48HX44,Forgotten Dreams,Whispering Willow Publishing,25765261-1,Default,54.22,Default,Mystery
3GT7YH6AN91,Enchanted Whispers,Celestial Books,25765261-1,Default,29.61,Default,Romance
2XQ5DV5EW75,Enchanted Voyages,Celestial Books,25765261-1,Default,23.37,Default,Fantasy
4N97U56ME02,Enchanted Realms,Aurora Books,25765261-1,Default,53.83,Default,Science Fiction
9M18TN6WH22,Enchanted Paths,Stardust Publishing,25765261-1,Default,48.48,Default,Thriller
2WY0QR1RN40,Enchanted Memories,Mystic Press,25765261-1,Default,22.43,Default,Historical Fiction
4PR5KP4AR73,Enchanted Melodies,Celestial Books,25765261-1,Default,40.22,Default,Horror
1CJ9UV8VF00,Enchanted Journeys,Mystic Press,25765261-1,Default,30.43,Default,Adventure
2XC2TQ0WJ43,Echoes of Love,Whispering Willow Publishing,25765261-1,Default,30.09,Default,Suspense
1G44EJ8TJ08,Echoes of Infinity,Moonlit Press,25765261-1,Default,21.78,Default,Memoir
3N61NT9KN42,Echoes of Imagination,Everglow Publications,25765261-1,Default,42.12,Default,Satire
8YV4J76FD27,Echoes of Hope,Aurora Books,25765261-1,Default,54.8,Default,Action
4HN5UT6ER08,Echoes of Eternity,Aurora Books,25765261-1,Default,36.2,Default,Mystery
1XJ3ED2GP14,Echoes of Enchantment,Serenity Books,25765261-1,Default,46.29,Default,Romance
4XF8TG5CD85,Echoes of Destiny,Stardust Publishing,25765261-1,Default,15.52,Default,Fantasy
7UQ4VG3DU35,Echoes of Bliss,Mystic Press,25765261-1,Default,19.93,Default,Science Fiction
2AQ4PT4MY64,Echoes of Adventure,Whispering Willow Publishing,25765261-1,Default,28.66,Default,Thriller
2W97XV5CK75,Echoes from the Past,Moonlit Press,25765261-1,Default,51.5,Default,Historical Fiction
9X84U33GJ83,Dreams of Tranquility,Whispering Willow Publishing,25765261-1,Default,0.35,Default,Horror
4HE8JK5AD84,Dreams of Revelation,Everglow Publications,25765261-1,Default,38.01,Default,Adventure
8A85C75WK92,Dreams of Dusk,Moonlit Press,25765261-1,Default,25.48,Default,Biography
6KM5WP3CW30,Dreams of Discovery,Stardust Publishing,25765261-1,Default,30.72,Default,Self-Help
8TX8T46QF24,Dreams of Destiny,Stardust Publishing,25765261-1,Default,11.97,Default,Travel
6U87Q47EJ87,Dreams of Daylight,Twilight Publications,25765261-1,Default,34.65,Default,Poetry
5Q24NY2ER45,Dreaming of Tomorrow,Moonlit Press,25765261-1,Default,25.77,Default,Suspense
5JU8NH9YW95,Dancing with Shadows,Serenity Books,25765261-1,Default,2.98,Default,Memoir
5GW4Q24HM12,Dancing with Imagination,Enchanted Editions,25765261-1,Default,30.8,Default,Satire
9N80T26EC18,Dancing with Fire,Mystic Press,25765261-1,Default,10.68,Default,Action
2V04M58KD72,Dancing with Fate,Everglow Publications,25765261-1,Default,38.46,Default,Mystery
5D75GP1QA97,Dancing with Dreams,Twilight Publications,25765261-1,Default,0.4,Default,Romance
1HR7MY3DP49,Dancing with Dragons,Serenity Books,25765261-1,Default,33.35,Default,Fantasy
2N80F38PP37,Dancing on Air,Whispering Willow Publishing,25765261-1,Default,34.09,Default,Historical Fiction
6UV2N98FH46,Dancing in the Moonlight,Enchanted Editions,25765261-1,Default,52.65,Default,Horror
7C35HA1MW46,Beyond the Horizon,Everglow Publications,25765261-1,Default,55.46,Default,Adventure
1VP5N69CD37,A Thousand Moons,Celestial Books,25765261-1,Default,29.69,Default,Biography
5NY9RN5MP43, Whispers of Wonder,Serenity Books,25765261-1,Default,35.58,Default,Self-Help
4GM0V18FG35, Whispers of Wisdom,Everglow Publications,25765261-1,Default,47.36,Default,Travel
2WK7TJ4WE40, Whispers of Victory,Mystic Press,25765261-1,Default,13.56,Default,Poetry
4NJ3NM3WJ24, Whispers of Transformation,Serenity Books,25765261-1,Default,6.9,Default,Comedy
8H99HV5HU19, Whispers of Paradise,Celestial Books,25765261-1,Default,38.92,Default,Romance
6W13GD4YT62, Whispers of Magic,Twilight Publications,25765261-1,Default,49.15,Default,Fantasy
3RR3A53MN86, Whispers of Jubilation,Serenity Books,25765261-1,Default,27.38,Default,Science Fiction
1EA2TE9YW31, Whispers of Inspiration,Mystic Press,25765261-1,Default,53.3,Default,Thriller
3HF3YT6EV05, Whispers of Imagination,Celestial Books,25765261-1,Default,5.1,Default,Historical Fiction
9WW1VF3FE02, Whispers of Hope,Mystic Press,25765261-1,Default,14.06,Default,Horror
5C94G00NV64, Whispers of Harmony,Whispering Willow Publishing,25765261-1,Default,21.81,Default,Adventure
8NT5E98NX22, Whispers of Discovery,Moonlit Press,25765261-1,Default,47.58,Default,Biography
5PY8YH2VC89, Whispers of Courage,Enchanted Editions,25765261-1,Default,49.36,Default,Self-Help
6AX3VG7UD97, Whispers of Adventure,Moonlit Press,25765261-1,Default,54.77,Default,Travel
4HU9VD5AQ78, Whispers in the Wind,Mystic Press,25765261-1,Default,31.91,Default,Poetry
5K37U95WP77, Whispering Waters,Stardust Publishing,25765261-1,Default,40.92,Default,Comedy
7J20TT6QQ76, Whispering Shadows,Mystic Press,25765261-1,Default,35.08,Default,Drama
7E75HD1YP73, The Whispering Forest,Serenity Books,25765261-1,Default,54.83,Default,Suspense
3F16X44CH58, The Hidden Path,Everglow Publications,25765261-1,Default,43.47,Default,Memoir
1UG1YP3NW05, Tales of Twilight,Whispering Willow Publishing,25765261-1,Default,6.13,Default,Satire
7DW4G31GN88, Tales of Transformation,Stardust Publishing,25765261-1,Default,39.02,Default,Action
8D61EW8VJ60, Shrouded in Mystery,Serenity Books,25765261-1,Default,24.23,Default,Mystery
8FQ3PG1YJ82, Shadows of Destiny,Celestial Books,25765261-1,Default,34.63,Default,Romance
7WP4V48KD53, Serenade of Stars,Moonlit Press,25765261-1,Default,9.58,Default,Fantasy
4CD1EY4RX88, Serenade of Dreams,Aurora Books,25765261-1,Default,17.61,Default,Science Fiction
9FF3QD8FD98, Secrets of the Sea,Twilight Publications,25765261-1,Default,11.15,Default,Thriller
3W03X18JF58, Secrets of the Moon,Aurora Books,25765261-1,Default,13.36,Default,Historical Fiction
8DN2TX0MM40, Reflections of Fate,Stardust Publishing,25765261-1,Default,16.82,Default,Horror
5RD6F26UD90, Realm of Reflections,Whispering Willow Publishing,25765261-1,Default,35.23,Default,Adventure
1U04AT6MA88, Moonlit Memories,Aurora Books,25765261-1,Default,41.4,Default,Biography
8XR1X90AJ17, Midnight Symphony,Moonlit Press,25765261-1,Default,20.79,Default,Self-Help
1YJ4Y88CC37, Midnight Mirage,Enchanted Editions,25765261-1,Default,3.52,Default,Travel
9XP9JR9XM70, Legends of Lore,Celestial Books,25765261-1,Default,40.13,Default,Poetry
1WH9JU6CN73, Enchanted Visions,Serenity Books,25765261-1,Default,25.43,Default,Comedy
3AP8CH0HU70, Enchanted Tales,Serenity Books,25765261-1,Default,6.42,Default,Drama
9XG8PA0MD85, Enchanted Realms,Moonlit Press,25765261-1,Default,34.9,Default,Suspense
4JU8AF2HT47, Enchanted Paradises,Aurora Books,25765261-1,Default,15.64,Default,Memoir
1HR6JN7PV92, Enchanted Journeys,Moonlit Press,25765261-1,Default,32.85,Default,Satire
7NC1GA1YT74, Enchanted Horizons,Mystic Press,25765261-1,Default,10.66,Default,Action
5T86YT9HV15, Enchanted Garden,Twilight Publications,25765261-1,Default,16.91,Default,Mystery
4F71CJ3UY44, Enchanted Explorations,Twilight Publications,25765261-1,Default,36.75,Default,Romance
5NJ8ND0WC62, Echoes of Innovation,Everglow Publications,25765261-1,Default,31.01,Default,Mystery
4H40AP6KN52, Echoes of Infinity,Serenity Books,25765261-1,Default,8.18,Default,Romance
7M38VY0DM42, Echoes of Hope,Aurora Books,25765261-1,Default,52.41,Default,Fantasy
6YF7QC5VE05, Echoes of Exploration,Serenity Books,25765261-1,Default,2.45,Default,Science Fiction
5MA9NC4VR07, Echoes of Excitement,Everglow Publications,25765261-1,Default,22.2,Default,Thriller
5E02M85JK19, Echoes of Evolution,Enchanted Editions,25765261-1,Default,45.9,Default,Historical Fiction
6R70V90WC70, Echoes of Eternity,Enchanted Editions,25765261-1,Default,44.41,Default,Horror
1AX7NA3QF08, Echoes of Enlightenment,Enchanted Editions,25765261-1,Default,7.64,Default,Adventure
9E14JD7JE47, Echoes of Enchantment,Moonlit Press,25765261-1,Default,55.55,Default,Biography
2TJ2A38WG37, Echoes of Empowerment,Celestial Books,25765261-1,Default,20.55,Default,Self-Help
1X64QT8GP72, Echoes of Destiny,Stardust Publishing,25765261-1,Default,35.42,Default,Travel
1M00RM1RQ03, Echoes of Celebration,Aurora Books,25765261-1,Default,54.28,Default,Poetry
1EP3U22MP59, Echoes of Adventure,Celestial Books,25765261-1,Default,44.4,Default,Comedy
5R20CU9PY77, Dreamscape Chronicles,Aurora Books,25765261-1,Default,44.49,Default,Drama
6TT6Q38RK39, Dreams of Triumph,Celestial Books,25765261-1,Default,18.48,Default,Suspense
8E73MD6KU24, Dreams of Serendipity,Stardust Publishing,25765261-1,Default,35.84,Default,Memoir
7DV8KM4QE54, Dreams of Resilience,Everglow Publications,25765261-1,Default,44.77,Default,Satire
5NW5FT0NA97, Dreams of Redemption,Aurora Books,25765261-1,Default,40.67,Default,Action
3XH7MA7DK25, Dreams of Prosperity,Stardust Publishing,25765261-1,Default,25.18,Default,Mystery
2Y60NQ8TQ62, Dreams of Possibility,Enchanted Editions,25765261-1,Default,54.09,Default,Romance
2P97RR2MU79, Dreams of Paradise,Moonlit Press,25765261-1,Default,46.91,Default,Fantasy
9X51WH6DA98, Dreams of Diversity,Moonlit Press,25765261-1,Default,55.08,Default,Biography
2TJ5WD0TC99, Dreams of Discovery,Everglow Publications,25765261-1,Default,1.33,Default,Self-Help
1FE1RT6KH53, Dreams of Devotion,Stardust Publishing,25765261-1,Default,38.7,Default,Travel
1GK7TP1GE63, Dreams of Destiny,Twilight Publications,25765261-1,Default,20.4,Default,Poetry
1VT7UC7TQ29, Dreams of Delight,Twilight Publications,25765261-1,Default,2.5,Default,Comedy
8RH8Y85WE70, Dreams of Dawn,Mystic Press,25765261-1,Default,43.12,Default,Drama
5W79KT5XG26, Chronicles of Destiny,Stardust Publishing,25765261-1,Default,19.59,Default,Adventure
8XU8GG1EX46, Beyond the Horizon,Whispering Willow Publishing,25765261-1,Default,49.13,Default,Drama
1WX2GQ3PV37, Comfortable Yoga Mat,Sunshine,36629207-1, Pink,647.48,S,
7D70DM1NP58, Eco-Friendly Yoga Mat,Sunshine,36629207-1, Black,210.85,M,
8FM9GV5VV73, Non-Slip Yoga Mat,Sunshine,36629207-1, Blue,505.87,L,
7W90KM8PY34, Extra-Thick Yoga Mat,Turbo,36629207-1, Pink,168.65,S,
7DN1Y68HK07, Foldable Yoga Mat,Turbo,36629207-1, Purple,310.89,M,
2TY0MT9KQ10, Durable Volley Ball,PowerStrike,36629207-1,Default,87.59,Free,
2RM0NP9TK40, Official Size Volley Ball,Sunshine,36629207-1,Default,280.47,Free,
8M18DR7WK77, Beach Volley Ball,ProFit,36629207-1,Default,276.34,Free,
2NT7ME5CQ11, Training Volley Ball,PowerGlide,36629207-1,Default,253.64,Free,
1E18CV8KY44, Waterproof Tennis Racket,FlexWind,36629207-1,Black,310.71,Free,
6JK4PD2RN57, Lightweight Tennis Racket,Star,36629207-1, Red,43.74,Free,
1KF0X74DC82, Professional Tennis Racket,ProFit,36629207-1, Black,464.53,Free,
2MW8UT1KR97, Tennis Ball Set,Star,36629207-1, Black,548.62,Free,
8M97MF8VK84, High-Visibility Tennis Ball,FlexWind,36629207-1,Default,442.73,Free,
1E64EM2GH88, Durable Tennis Ball,ProFit,36629207-1,Default,464.43,Free,
9FA8FD2RQ68, Anti-Fog Swimming Goggles,TurboTread,36629207-1, Black,46.94,Free,
4AQ9KT7YP59, Polarized Swimming Goggles,Sunshine,36629207-1, Gray,559.59,Free,
9AX1CG4HY38, UV Protection Swimming Goggles,AeroFlex,36629207-1, Blue,414.68,Free,
7VG1Y93PC95, Silicone Swimming Caps,TurboTread,36629207-1, White,385.42,Free,
8X11H77QX13, Customized Swimming Caps,Sunshine,36629207-1, Blue,96.8,Free,
3H19RN0GH24, Waterproof Swimming Caps,AeroFlex,36629207-1, Red,200.44,Free,
8UD1QJ9NF11, Professional Soccer Ball,PowerStrike,36629207-1,Default,13.97,Free,
2R10EN4AH96, Training Soccer Ball,Sunshine,36629207-1,Default,546.87,Free,
4EK6UC5ET99, Official Size Soccer Ball,ProFit,36629207-1,Default,57.15,Free,
8GY5M75JD44, Indoor Soccer Ball,PowerGlide,36629207-1,Default,471.55,Free,
7HN1XV6UG72, All-Mountain Snowboard,Yell,36629207-1, Red,92.91,Free,
2DR2EG5UW48, Freestyle Snowboard,Star,36629207-1, Blue,126.96,Free,
1V11GK0UX94, Snowboard,FlexWind,36629207-1, Gray,324.59,Free,
8PX4QP8MV74,Professional snowboard,FlexWind,36629207-1, Purple,549.53,S,
4CW9P81HV60, Kids' Snowboard,FlexWind,36629207-1, Green,600.05,M,
5QM6RD9XU64, Performance Ski Boots,FlexWind,36629207-1, Multicolor,569.31,L,
7JA5P84ND56, Adjustable Ski Boots,FlexWind,36629207-1, Black,495.29,XL,
8Q22KX7UU10, Insulated Ski Boots,FlexWind,36629207-1, Red,82.89,2XL,
6GN1GW1FX19, Lightweight Ski Boots,FlexWind,36629207-1, Black,186.34,S,
8RE1K18JD08, Beginner Skateboard,FlexWind,36629207-1, Yellow,371.27,M,
5VT2YQ3RW71, Cruiser Skateboard,FlexWind,36629207-1, Brown,206.52,L,
7J63WR3AN21, Professional Skateboard,FlexWind,36629207-1, Black,91.27,XL,
5YW3PY7VC24, Kids' Skateboard,PowerStrike,36629207-1, Gray,498.15,S,
5UG9GG9NU07, Customized Rowing Machine,PowerStrike,36629207-1, Blue,62.75,M,
5F59E61AF25, Magnetic Rowing Machine,PowerStrike,36629207-1, White,574.94,L,
2AT5AF6MJ62, Compact Rowing Machine,Star,36629207-1, Black,172.02,M,
3XF7EK2MT27, Portable Rowing Machine,Star,36629207-1, Gray,642.66,L,
8WK6E16EY82, High-Resistance Resistance Band,PowerPush,36629207-1, Gray,487.01,Free,
5F99RY9HY69, Fabric Resistance Band,ProBalance,36629207-1, Red,494.15,Free,
2H87T36CA52, Latex-Free Resistance Band,ProFit,36629207-1, Yellow,248.29,Free,
9WW8JK6QF24, Colorful Resistance Band,TurboTread,36629207-1, Black,68.35,Free,
7EF6FU7VJ35, Heavy-Duty Resistance Band,PowerPulse,36629207-1, Blue,27.32,Free,
2UR4N47PD56, Premium Punching Bag,PowerPush,36629207-1, Gray,639.59,Free,
1GX1A73FQ76, Hanging Punching Bag,NewTech,36629207-1, Purple,367.27,Free,
9DU2V51EQ86, Speed Punching Bag,Turbo,36629207-1, Red,188.36,Free,
6P44DR8ED03, Leather Punching Bag,PowerPulse,36629207-1, White,438.92,M,
6QM7E33MW15, Adjustable Lifting Strap,PowerPulse,36629207-1, Gray,303.19,L,
4JY1FV4MH33, Padded Lifting Strap,SpinTech,36629207-1, Black,459.75,Free,
8G25TE3XJ33, Heavy-Duty Lifting Strap,MountainTop,36629207-1, Blue,172.78,M,
2RX1U41JG45, Nylon Lifting Strap,MountainTop,36629207-1, White,170.54,L,
6Q90RW1KA97, Adjustable Jump Rope,PowerStrike,36629207-1, Green,464.01,Free,
6DJ8NH2PJ47, Speed Jump Rope,MountainTop,36629207-1, Black,507.77,S,
2PD9JG3XJ36, Weighted Jump Rope,ProStep,36629207-1, Blue,577.63,M,
4EX0MU5PX82, Tangle-Free Jump Rope,PowerPulse,36629207-1, Red,230.58,S,
4K02WH5RU84, Reflective Jump Rope,PowerPulse,36629207-1, Black,252.83,M,
7TR0XX9GT74, Wireless Heart Rate Monitor,PowerStrike,36629207-1, Orange,636.72,M,
8YK2FC0CD91, Waterproof Heart Rate Monitor,PowerStrike,36629207-1, Yellow,646.68,L,
5CU0YK2UU75, Bluetooth Heart Rate Monitor,Sunshine,36629207-1, Green,258.34,Free,
3QQ8M38RX06, Wrist Heart Rate Monitor,MountainTop,36629207-1, Blue,111.38,Free,
4H53TK9DW63, Chest Strap Heart Rate Monitor,StrikeForce,36629207-1, Black,41.19,Free,
6C77Y64AG94,Gymnastics Chalk,TurboTread,36629207-1, Gray,470.99,Free,
1GD3CH0TC85, Indoor Exercise Bike,PowerPush,36629207-1, Red,101.73,Free,
6P94HV2EM94, Magnetic Exercise Bike,Star,36629207-1, Blue,509.5,Free,
7V67UG4AX61, Folding Exercise Bike,ProFit,36629207-1, Green,486.15,S,
1FU3M00TU09, Upright Exercise Bike,Sunshine,36629207-1, Black,533.29,S,
5GG1EF1AH54, Recumbent Exercise Bike,PowerPush,36629207-1, Red,557.06,S,
7RG3QU4CJ09, Adjustable Cycling Helmet,ProFit,36629207-1, Brown,305.66,M,
1D54NM0XV43, Lightweight Cycling Helmet,Sunshine,36629207-1, Blue,258.57,M,
7CM6DA8KX99, Protective Cycling Helmet,PowerPush,36629207-1, Yellow,425.5,M,
8CJ0WK8RD77, Reflective Cycling Helmet,MountainTop,36629207-1, Orange,266.95,S,
5WU1TT1DU55, Dynamic Climbing Rope,ProFit,36629207-1, Brown,128.78,Free,
2RQ9YD0TQ47, Static Climbing Rope,MountainTop,36629207-1, Black,151.44,M,
3HC1UK5UQ23, Lightweight Climbing Rope,MountainTop,36629207-1, Blue,142.02,S,
4FX4GD7UA53, Durable Climbing Rope,MountainTop,36629207-1, Gray,90.01,M,
2TN6HQ7MQ38, Flexible Climbing Harness,MountainTop,36629207-1, Brown,594.1,L,
2Y16P80JX37, Padded Climbing Harness,ProFit,36629207-1, Blue,418.51,S,
9V81JJ4PG15, Adjustable Climbing Harness,ProFit,36629207-1, Purple,327.35,M,
6Y35E83PK59, Lightweight Climbing Harness,ProFit,36629207-1, Green,1042.35,S,
4Y66UU2MJ72, Breathable Climbing Harness,ProFit,36629207-1, Black,412.79,M,
6C84UT4PC91, Professional Climbing Harness,TurboTread,36629207-1, Blue,1097.77,S,
4UD0GJ2CP77, Premium Boxing Gloves,TurboTread,36629207-1, Black,1080.16,M,
1TD4HH9DT66, Leather Boxing Gloves,SpinTech,36629207-1, Blue,378.68,S,
2CJ6H16UT32, Training Boxing Gloves,SpinTech,36629207-1, Brown,286.74,M,
7DC4ET5JM87, Kids' Boxing Gloves,PowerStrike,36629207-1, Red,87.79,Free,
5RQ1Y86EW30, Indoor Basketball,Sunshine,36629207-1,Default,412.41,Free,
1H18QN5AK06, Outdoor Basketball,ProFit,36629207-1,Default,301.27,Free,
7D19XV1TU69, Street Basketball,PowerGlide,36629207-1,Default,31.83,Free,
5JT8J45UF98, Training Basketball,Yell,36629207-1,Default,121.87,Free,
4Q36JR6RW17, Premium Balance Board,ProBalance,36629207-1, Green,553.98,S,
1YH1UJ9DR63, Wooden Balance Board,ProBalance,36629207-1, Black,57.27,M,
1XA0EW8UP80, Wobble Balance Board,ProBalance,36629207-1, Blue,288.94,L,
6RM4WH5GK44, Yoga Balance Board,ProBalance,36629207-1, Black,489.34,XL,
7VY2N40KH94, Exercise Balance Board,AeroFlex,36629207-1, Red,273.7,S,
6YH2A59PE77, Adjustable Dumbbells,AeroFlex,36629207-1, Green,144.22,M,
2EK7DM1HX90, Neoprene Dumbbells,AeroFlex,36629207-1, Black,632.63,L,
2CE0C12CN61, Rubber-Coated Dumbbells,Sunshine,36629207-1, Blue,227.53,S,
1UN3QY8FW91, Hexagonal Dumbbells,Sunshine,36629207-1, Black,200.01,M,
7KN6VV9CC93,Refreshing Body Lotion, Vevo,13691833-1,Default,53.76,M,
3A82FJ6AX42,Nourishing Body Lotion, Enchant¨¦,13691833-1,Default,129.75,L,
8KA0AH7TX82,Hydrating Body Lotion, Seraphina,13691833-1,Default,186.21,L,
3K49CK5RR81,Soothing Body Lotion, Amara,13691833-1,Default,88.05,M,
8NE5X18FU50,Revitalizing Facial Serum, BellaNova,13691833-1,Default,68.68,L,
4VG8GT2RW98,Rejuvenating Facial Serum, Lumina,13691833-1,Default,185.47,L,
1PV1YY8VP72,Illuminating Facial Serum, RadiantGlow,13691833-1,Default,33.99,L,
1QV1HG8DJ12,Brightening Facial Serum, OpalAura,13691833-1,Default,220.34,L,
1WM1JK8UM13,Moisturizing Facial Serum, BellaNova,13691833-1,Default,133.34,S,
9K66DJ1QE01,Age-Defying Facial Serum, Seraphina,13691833-1,Default,114.05,S,
9DE8F03CM88,Anti-Aging Facial Serum, Vevo,13691833-1,Default,182.09,S,
9A66H64FA64,Gentle Hair Clips, RadiantGlow,13691833-1,Default,21.79,Free,
5DV7HW6YJ77,Stylish Hair Clips, Amara,13691833-1,Default,155.86,Free,
5Y57Q10JK69,Trendy Hair Clips, Lumina,13691833-1,Default,118.34,Free,
2M34A72VX76,Fashionable Hair Clips, OpalAura,13691833-1,Default,214.17,Free,
6GX5N08EG75,Colorful Hair Cluster, Enchant¨¦,13691833-1,Default,31.63,Free,
9TT6V86CX90,Decorative Hair Cluster, Lumina,13691833-1,Default,54.04,Free,
7AA8AU5JW27,Adorable Hair Conditioner, OpalAura,13691833-1,Default,55.64,L,
4JQ7UD8WH52,Silky Hair Conditioner, Seraphina,13691833-1,Default,64.9,L,
7TK9HX8JK43,Invigorating Hair Conditioner, BellaNova,13691833-1,Default,10.9,L,
6KP8W20GD67,Nourishing Hair Conditioner, Vevo,13691833-1,Default,88.14,M,
8J15AG0YG79,Refreshing Hair Conditioner, RadiantGlow,13691833-1,Default,22.31,M,
3HA9HX7DX66,Restorative Hair Conditioner, Lumina,13691833-1,Default,168.2,M,
6QN4GQ6KE56,Hydrating Hair Conditioner, Amara,13691833-1,Default,46.35,S,
9M53FT3UQ16,Revitalizing Hydrating Mask, OpalAura,13691833-1,Default,143.2,S,
7R17Y59UN27,Soothing Hydrating Mask, Enchant¨¦,13691833-1,Default,125.25,Free,
8XY2MD0ND57,Replenishing Hydrating Mask, BellaNova,13691833-1,Default,72.4,Free,
3NV4JV4FN23,Detoxifying Hydrating Mask, Vevo,13691833-1,Default,217.93,Free,
4GW3CF2HU62,Luxurious Makeup Bag, Seraphina,13691833-1,Default,161.38,L,
1DA6RG8RP66,Chic Makeup Bag, RadiantGlow,13691833-1,Default,148.43,M,
3QM8DH6RP12,Portable Makeup Brush Set, Amara,13691833-1,Default,155.55,Free,
3MN8HA6RG92,Travel-Friendly Makeup Brush Set, Lumina,13691833-1,Default,86.33,Free,
3RF5N51PY30,Professional Makeup Brush Set, Vevo,13691833-1,Default,156.79,Free,
8MR2XE3DE08,Premium Makeup Brush Set, Enchant¨¦,13691833-1,Default,172.06,Free,
4CD9JT2FQ34,Hydrating Makeup Primer, BellaNova,13691833-1,Default,199.93,Free,
9AQ7AM9TQ26,Long-Lasting Makeup Primer, OpalAura,13691833-1,Default,112.9,Free,
2JE4H34WT54,Pore-Minimizing Makeup Primer, Seraphina,13691833-1,Default,114.46,Free,
3CW4TY1MG99,Illuminating Makeup Remover, RadiantGlow,13691833-1,Default,220.59,Free,
3Y69XU2QU84,Gentle Makeup Remover, Amara,13691833-1,Default,89.33,Free,
4PR1W64RM57,Soothing Makeup Remover, Lumina,13691833-1,Default,16.16,Free,
6RA9TJ1GH72,Moisturizing Makeup Sponge, Seraphina,13691833-1,Default,136.11,Free,
8YX3V11WQ29,Soft Makeup Sponge, Vevo,13691833-1,Default,121.99,Free,
1DW6N60KX24,Blendable Makeup Sponge, Enchant¨¦,13691833-1,Default,97.43,Free,
7G38QH7WJ19,Refreshing Shampoo, BellaNova,13691833-1,Default,19.01,L,
1YY5Q64KM49,Volumizing Shampoo, Lumina,13691833-1,Default,93.21,L,
8UH6GN1HK24,Strengthening Shampoo, OpalAura,13691833-1,Default,5.57,M,
6XD5GJ7AK48,Nourishing Shampoo, RadiantGlow,13691833-1,Default,1.29,M,
3EC6W47UK17,Hydrating Shampoo, Amara,13691833-1,Default,122.79,M,
3NE1RT0HK79,Lightweight Sunscreen Lotion, Vevo,13691833-1,Default,2.63,M,
9EW2W90DW49,Broad-Spectrum Sunscreen Lotion, Seraphina,13691833-1,Default,133.85,M,
3GK2F78TA33,Water-Resistant Sunscreen Lotion, OpalAura,13691833-1,Default,201.63,XL,
9E05YV9HP95,Fast-Absorbing Sunscreen Lotion, Enchant¨¦,13691833-1,Default,64.77,L,
6C91Y31QY35,Non-Greasy Sunscreen Lotion, Lumina,13691833-2,Default,115.69,L,
9W52M81YM44,Protective Facial Serum, BellaNova,13691833-2,Default,18.53,L,
5V72QU1VT04,Rejuvenating Facial Serum, RadiantGlow,13691833-2,Default,116.83,XL,
6U92YW7WT02,Illuminating Facial Serum, Amara,13691833-2,Default,214.74,XL,
5M43E84KE58,Refreshing Body Lotion, BellaNova,13691833-2,Default,162.59,L,
6QN2ME5GY93,Silky Hair Conditioner, Enchant¨¦,13691833-2,Default,118.37,L,
8YD1C57FP74,Invigorating Hair Conditioner, Vevo,13691833-2,Default,10.78,M,
7Q83EM8NH08,Nourishing Hair Conditioner, Seraphina,13691833-2,Default,191.66,M,
9Q38HC4YY51,Refreshing Hair Conditioner, OpalAura,13691833-2,Default,71.36,M,
1JC7FK2FH11,Revitalizing Hydrating Mask, Lumina,13691833-2,Default,130.62,L,
4ER3FJ0EN92,Soothing Hydrating Mask, RadiantGlow,13691833-2,Default,54.02,Free,
6U77T35DM05,Replenishing Hydrating Mask, Amara,13691833-2,Default,131.43,Free,
6NJ9KW1AG66,Volumizing Shampoo, Seraphina,13691833-2,Default,36.56,Free,
2H07HR3AN89,Strengthening Shampoo, Lumina,13691833-2,Default,77.55,L,
5JP7RD2NC09,Nourishing Shampoo, OpalAura,13691833-2,Default,174.13,XL,
8KY3UW1QH24,Relaxing Bath Salts, BellaNova,13691833-3,Default,85.67,Free,
4QY5R72DW39,Soothing Bath Salts, RadiantGlow,13691833-3,Default,217.14,Free,
7V63DN7DW04,Invigorating Bath Salts, Enchant¨¦,13691833-3,Default,212.19,Free,
5A20D67VT39,Soft Body Sponge, Amara,13691833-3,Default,65.37,Free,
7VK9JC2VX26,Gentle Body Sponge, Vevo,13691833-3,Default,45.56,Free,
5U52CC8GH71,Exfoliating Body Sponge, BellaNova,13691833-3,Default,124.38,Free,
6T18UE2MG02,Nourishing Cuticle Oil, Enchant¨¦,13691833-3,Default,185.68,M,
6R52FT7YV67,Moisturizing Cuticle Oil, RadiantGlow,13691833-3,Default,4.16,M,
5JV1DE6VF86,Nourishing Eye Cream, Seraphina,13691833-3,Default,168.92,M,
2DU7GR0DX38,Brightening Eye Cream, Lumina,13691833-3,Default,186.92,S,
6XF6X28UA07,Revitalizing Eye Cream, Vevo,13691833-3,Default,168.62,S,
2E07KU3FV22,Hydrating Eye Mask, OpalAura,13691833-3,Default,182.75,Free,
8WC2D42XG58,Soothing Eye Mask, Amara,13691833-3,Default,145.18,Free,
2W95F11UN72,Nourishing Eyebrow Gel, Seraphina,13691833-3,Default,124.02,Free,
1KU4PN8FU70,Long-Lasting Eyebrow Gel, Lumina,13691833-3,Default,36.4,Free,
8T91R76RF07,Waterproof Eyeliner, BellaNova,13691833-3,Default,91.31,Free,
7P28TW5UU29,Smudge-Proof Eyeliner, Vevo,13691833-3,Default,98.64,Free,
7WR0V16TK88,Precision Eyeliner, RadiantGlow,13691833-3,Default,170.3,Free,
8UX4R50XW13,Hypoallergenic Eyeliner, Enchant¨¦,13691833-3,Default,37.94,Free,
9VK3PF6EC62,Refreshing Face Mist, OpalAura,13691833-3,Default,51.4,M,
1UG9RX8HY49,Hydrating Face Mist, Amara,13691833-3,Default,15.27,M,
2CK0E38RK68,Illuminating Face Mist, Vevo,13691833-3,Default,136.23,L,
3RD1TJ7EE93,Detoxifying Hair Brush, BellaNova,13691833-3,Default,71.28,Free,
6DH0CR6YT43,Gentle Hair Brush, Lumina,13691833-3,Default,160.34,Free,
1KW3YF4EC69,Detangling Hair Brush, OpalAura,13691833-3,Default,8.27,Free,
4RX6DV6WP36,Rejuvenating Hair Mask, Seraphina,13691833-3,Default,204.88,Free,
3YU5J55MN22,Nourishing Hair Mask, RadiantGlow,13691833-3,Default,50.12,Free,
2T71VX5XA58,Hydrating Hair Mask, Amara,13691833-3,Default,208.65,Free,
9ER6Q43MT36,Restorative Hair Mask, Enchant¨¦,13691833-3,Default,109.56,Free,
2V49D19KW86,Nourishing Hand Cream, Lumina,13691833-3,Default,3.13,M,
1VR9RD2WF74,Hydrating Hand Cream, OpalAura,13691833-3,Default,210.34,M,
4A09WC9YA68,Soothing Hand Cream, BellaNova,13691833-3,Default,176.94,L,
1X88NM1JN79,Moisturizing Lip Balm, Vevo,13691833-3,Default,5.29,Free,
7KK4QD6VJ27,Nourishing Lip Balm, RadiantGlow,13691833-3,Default,118.66,Free,
9K01WN2TX11,Hydrating Lip Balm, Amara,13691833-3,Default,163.88,Free,
5NR9NC6JU43,Precision Nail Clippers, Seraphina,13691833-3,Default,142.85,Free,
2N71F96TV82,Professional Nail Clippers, Enchant¨¦,13691833-3,Default,15.53,Free,
5G81JY9KG59,High-Quality Nail Clippers, Vevo,13691833-3,Default,19.29,Free,
4HY3UV0DE84,Long-Lasting Nail Polish, Lumina,13691833-3,Default,11.66,Free,
3MU3UX0CD24,Quick-Drying Nail Polish, OpalAura,13691833-3,Default,175.71,Free,
3M83MY9QY56,Chip-Resistant Nail Polish, BellaNova,13691833-3,Default,156.15,Free,
2GR7CV3QV32,Waterproof Shower Cap, RadiantGlow,13691833-3,Default,14.7,Free,
2Y60F83UJ37,Stylish Shower Cap, Amara,13691833-3,Default,17.04,Free,
1Y86YY9GV56,Reusable Shower Cap, Seraphina,13691833-3,Default,22.44,Free,
5GG7A71DJ43,Soft Floor Rug,CozyHaven,84859761-1, Gray ,315.29, M,
6EC4AF8XH81,Fluffy Floor Rug,RusticCharm,84859761-1, White ,204.21, XL,
6WU4MY1NC09,Plush Floor Rug,RusticCharm,84859761-1, Beige ,274.07, L,
6FH4QC2XJ70,Cozy Floor Rug,LuxeLiving,84859761-1, Brown ,363.06, S,
9NP3VW1HH90,Stylish Floor Rug,LuxeLiving,84859761-1, Blue ,32.96, M,
6UN1TJ3YF24,Elegant Curtain,ArtisanHome,84859761-1, Gray ,324.86, M,
3PQ4YQ9XV54,Sheer Curtain,CozyHaven,84859761-1, White ,34.88, L,
3R21F88QW42,Velvet Curtain,CozyHaven,84859761-1, Black ,10.63, XL,
9Y46P59HU11,Printed Curtain,CozyHaven,84859761-1, White ,171.18, L,
3N62GK6AA99,Embroidered Curtain,ArtisanHome,84859761-1,Beige,373.82, S,
5UQ9H67TY77,Silk Curtain,RusticCharm,84859761-1, Silver ,54.12, XL,
9KX3R82XH17,Soft Bed Sheet,LuxeLiving,84859761-1, White ,20.68, XL,
7R97M49JX93,Cotton Bed Sheet,ArtisanHome,84859761-1, Ivory ,250.78, S,
4DA2QM4VC71,Linen Bed Sheet,LuxeLiving,84859761-1, Gray ,183.37, M,
1AT9FC6UN05,Satin Bed Sheet,LuxeLiving,84859761-1, Champagne ,317.46, L,
3PX2RJ1RY98,Fitted Bed Sheet,LuxeLiving,84859761-1, Navy ,125.79, S,
1X71JD6QF04,Patterned Bed Sheet,ArtisanHome,84859761-1, Floral ,332.23, M,
2PF4YF0XN09,Floral Bed Sheet,RusticCharm,84859761-1, Pink ,278.3, L,
3D28T37MH89,Striped Bed Sheet,LuxeLiving,84859761-1, Gray ,3.28, XL,
3H82HE0YF70,Duvet Quilt Cover,ArtisanHome,84859761-1, White ,245.13, L,
1KT1CG4EU68,Embossed Quilt Cover,LuxeLiving,84859761-1, Beige ,49.5, M,
9RX4FC8EN00,Ruffled Quilt Cover,LuxeLiving,84859761-2, Blue ,116.13, S,
5WF1EA8UG93,Textured Quilt Cover,LuxeLiving,84859761-3, Gray ,162.02, XL,
5QM7TE8JQ60,Jacquard Quilt Cover,ArtisanHome,84859761-1, Brown ,90.6, L,
9KY0Y40XF72,Linen Quilt Cover,ArtisanHome,84859761-1, Natural ,313.12, M,
3QF3FJ5EU94,Plaid Quilt Cover,ArtisanHome,84859761-1, Red ,38.01, XL,
8C58TU5PE76,Checked Quilt Cover,RusticCharm,84859761-1, Black ,135.47, S,
3N13UN3WE66,Patchwork Quilt Cover,RusticCharm,84859761-1, Black ,168.7, L,
8G80GY1YK31,Geometric Quilt Cover,RusticCharm,84859761-1, Black ,273.46, M,
8WQ7XA8QC90,Bohemian Quilt Cover,ArtisanHome,84859761-1, Gold ,313.77, XL,
8WH1MW4WG57,Embellished Cushion Cover,CozyHaven,84859761-1, Gold ,70.4, L,
5YH4Q69RQ72,Fringed Cushion Cover,CozyHaven,84859761-1, Beige ,365.21, M,
2QH2DW0HW49,Tasseled Cushion Cover,LuxeLiving,84859761-1, Gray ,340.94, S,
2FX6JU8DG51,Embroidered Cushion Cover,ArtisanHome,84859761-1, Green ,100.26, XL,
8P71FQ3EY86,Knitted Cushion Cover,ArtisanHome,84859761-1, Green ,378.41, L,
3R39UV8HH22,Velvet Cushion Cover,ArtisanHome,84859761-1, Silver ,120.37, M,
3W43X93XD24,Sequined Cushion Cover,LuxeLiving,84859761-1, Silver ,161.08, S,
9M98T18UE75,Crochet Cushion Cover,CozyHaven,84859761-1,Black,90.81, XL,
9NT8MY7YJ09,Tonal Cushion Cover,CozyHaven,84859761-1,Blue,356.57, L,
9U13KC2FP38,Abstract Cushion Cover,CozyHaven,84859761-1, Multicolor ,241.28, M,
2W17D23WJ82,Minimalist Table Lamp,LuxeLiving,84859761-1, Black ,110.12, S,
7R59FV1RP40,Contemporary Table Lamp,LuxeLiving,84859761-1, White ,308.48, XL,
4H90V22HY56,Vintage Table Lamp,LuxeLiving,84859761-1, Brown ,179.87, L,
3DV0EA6HX07,Industrial Table Lamp,ArtisanHome,84859761-1, Gray ,100.5, M,
5TD5FY6VD00,Art Deco Table Lamp,RusticCharm,84859761-1, Gold ,124.71, XL,
3KX9J46CK33,Glass Table Lamp,LuxeLiving,84859761-1, Clear ,45.27, S,
3UQ6JC1FJ55,Ceramic Table Lamp,RusticCharm,84859761-1, Gray ,287.82, L,
2K90F96PU95,Marble Table Lamp,RusticCharm,84859761-1, Gray ,273.68, M,
8YX4VY7CV78,Metal Table Lamp,EvergreenDecor,84859761-1, Silver ,72, XL,
7EH2J29JV57,Wooden Table Lamp,ModernNest,84859761-1, Gray ,102.78, L,
7HR0PQ5VU71,Antique Wall Mirror,LuxeLiving,84859761-1, Gray ,196.16, M,
3U13J03GT52,Round Wall Mirror,ModernNest,84859761-1, Silver ,210.11, XL,
5H28Q77YH37,Oval Wall Mirror,LuxeLiving,84859761-1, White ,335.47, S,
3MJ8Y97EK56,Rectangular Wall Mirror,EvergreenDecor,84859761-1, Black ,289.69, L,
9YC6WQ9QR18,Sunburst Wall Mirror,EvergreenDecor,84859761-1, Gold ,30.54, M,
3NY2NJ3MA71,Full-Length Wall Mirror,ModernNest,84859761-1, Gray ,50.23, XL,
6VD1WV7TN49,Minimalist Candle Holder,LuxeLiving,84859761-1, Black ,274.9, L,
7FH9G70TY19,Modern Candle Holder,EvergreenDecor,84859761-1, Silver ,42.55, M,
2HM8QV5KF10,Rustic Candle Holder,ModernNest,84859761-1, Brown ,237.85, XL,
2YF8RW6WM92,Geometric Candle Holder,ModernNest,84859761-1, Brown ,170.7, S,
9PJ4JD6DY85,Glass Candle Holder,LuxeLiving,84859761-1, White ,88.64, S,
6PA4T31GN86,Metal Candle Holder,EvergreenDecor,84859761-1, Black ,52.13, L,
1W01T69JE65,Wooden Candle Holder,LuxeLiving,84859761-1, Silver ,9.89, M,
3GV7G81TW32,Ceramic Candle Holder,ModernNest,84859761-1, White ,180.02, M,
5W60EF8NC85,Marble Candle Holder,LuxeLiving,84859761-1, Gray ,272.32, L,
7JM1DQ6PQ60,Crystal Candle Holder,EvergreenDecor,84859761-1, Clear ,294.68, XL,
9WK9GQ7YC92,Floating Wall Shelf,EvergreenDecor,84859761-1, Black ,97.09, S,
9YC9YR2JD59,Corner Wall Shelf,ModernNest,84859761-1, White ,184.58, XL,
8J91H08UU87,Rustic Wall Shelf,LuxeLiving,84859761-1, Brown ,341.84, L,
7QT1T38CQ83,Industrial Wall Shelf,EvergreenDecor,84859761-1, Gray ,233.12, M,
6J99CV7QD22,Hexagonal Wall Shelf,ModernNest,84859761-1, Natural ,78.45, S,
1NX6H09YQ01,Cubby Wall Shelf,LuxeLiving,84859761-1, Oak ,364.56, XL,
3GJ4V29TU28,Gallery Wall Shelf,ModernNest,84859761-1, Espresso ,31.53, L,
3F30JC7KQ05,Ladder Wall Shelf,EvergreenDecor,84859761-1, Walnut ,202.25, M,
6EW8P82DX52,Zigzag Wall Shelf,EvergreenDecor,84859761-1, Gray ,317.67, XL,
1NF6QT5JE46,Baroque Wall Shelf,EvergreenDecor,84859761-1, Gold ,223.2, S,
4QF2T92QX24,Faux Plant Set,ArtisanHome,84859761-1, Green ,313.12,Free,
8FX4N95KR37,Succulent Plant Set,ArtisanHome,84859761-1, Assorted ,246.38,Free,
4WV8UE2MG42,Fern Plant Set,ArtisanHome,84859761-1, Green ,379.96,Free,
8EJ5FV0EY16,Cactus Plant Set,ArtisanHome,84859761-1, Green ,259.19,Free,
5HC2NX5MK84,Orchid Plant Set,EvergreenDecor,84859761-1, Purple ,102.82,Free,
4CF9AF4XA40,Boho Wall Tapestry,RusticCharm,84859761-1, Beige ,23.96, L,
1DP7G08XP69,Macrame Wall Tapestry,RusticCharm,84859761-1, Beige ,234.16, XL,
7TW0V34AQ54,Floral Wall Tapestry,RusticCharm,84859761-1, Multicolor ,67.64, S,
4UH9UJ4YK53,Vintage Wall Tapestry,EvergreenDecor,84859761-1, Blue ,304.24, M,
8K16YR8YR84,Minimalist Wall Tapestry,EvergreenDecor,84859761-1, Gray ,364.42, L,
7D27VR1JU52,Contemporary Wall Tapestry,EvergreenDecor,84859761-1, Teal ,90.63, XL,
7VE3N87RX07,Antique Wall Hook,EvergreenDecor,84859761-1, Bronze ,333.36, S,
6YN6MU7XN42,Vintage Wall Hook,RusticCharm,84859761-1, Brass ,9.87, M,
5QR1UG6RR05,Rustic Wall Hook,RusticCharm,84859761-1, Brown ,83.74, L,
5H50PH9ER98,Modern Wall Hook,RusticCharm,84859761-1, Silver ,18.57, XL,
8U77VK4DD30,Industrial Wall Hook,SerenitySpace,84859761-1, Gray ,145.38, S,
5AR4P18VD58,Decorative Wall Decal,SerenitySpace,84859761-1, Black ,60.67,Free,
3D78VD0UW70,Floral Wall Decal,SerenitySpace,84859761-1, Pink ,235.5,Free,
4N11CJ2CX58,Geometric Wall Decal,SerenitySpace,84859761-1, Gray ,265.72,Free,
6WC7WC7HJ83,Typography Wall Decal,SerenitySpace,84859761-1, Black ,368.58,Free,
5CT8J76PU92,Botanical Wall Decal,ArtisanHome,84859761-1, Green ,189.06,Free,
9KJ7PC5KR59,Animal Wall Decal,ArtisanHome,84859761-1, Blue ,121.88,Free,
7NV0MM2GU87,Patterned Wall Decal,RusticCharm,84859761-1, Multicolor ,385.94,Free,
6DP7HG3CQ11,Minimalist Wall Decal,RusticCharm,84859761-1, White ,380.1,Free,
4G53F37RT46,Decorative Vase Set,RusticCharm,84859761-1, Blue ,166.04,Free,
7F70TQ9CN22,Ceramic Vase Set,RusticCharm,84859761-1, Assorted ,52.95,Free,
7E76VV3JA79,Glass Vase Set,RusticCharm,84859761-1, Green ,307.15,Free,
6FA1RE4WG80,Metal Vase Set,EvergreenDecor,84859761-1, Green ,187.04,Free,
9YW3WM0YQ23,Wooden Vase Set,CozyHaven,84859761-1, Purple ,47.32,Free,
3QQ2X11MX98,Marble Vase Set,SerenitySpace,84859761-1, Beige ,73.14,Free,
5CP9DJ1MD50,Decorative Tray Set,ArtisanHome,84859761-1, Beige ,336.51,Free,
1RH8MJ7TY00,Mirrored Tray Set,RusticCharm,84859761-1, Multicolor ,148.81,Free,
3XQ5TT6HC12,Wood-Grain Tray Set,CozyHaven,84859761-1, Blue ,225.19,Free,
2XG3GF7YT79,Geometric Tray Set,SerenitySpace,84859761-1, Gray ,216.45,Free,
2J72GT1DA42,Marble Tray Set,RusticCharm,84859761-1, Gray ,321.2,Free,
9T24WQ4AW08,Vintage Tray Set,CozyHaven,84859761-1, Gray ,316.35,Free,
3UP4W84HA40,Bohemian Tray Set,SerenitySpace,84859761-1, Black ,70.45,Free,
2Q75TM9FG90,Coastal Tray Set,RusticCharm,84859761-1, Green ,295.95,Free,
1XQ4RF6VV98,Modern Tray Set,CozyHaven,84859761-1, Blue ,274.8,Free,
5UW6HD6AA71, Skip 'n' Hop Rope, Giggly Gadgetry ,66497593-1, Blue,37.37,Free,
1RH1VX4EK30, Silly Sprout Stacking Rings, Giggly Gadgetry ,66497593-1, Green,14.32,Free,
4U34CM9KF76, Twinkle Twirl Wand, Giggly Gadgetry ,66497593-1, Pink,80.19,Free,
2E11XJ9KY95, Chatterbox Chimp Plush, Giggly Gadgetry ,66497593-1, Brown,67.97,Free,
7T02PD0YW31, Tic Tac Toe Toss, Giggly Gadgetry ,66497593-1, Red,79.56,Free,
8X60WP8TU24, Rainbow Rattle, Giggly Gadgetry ,66497593-1, Yellow,16.27,Free,
4VA2QW3ME42, Jolly Jumping Jacks, Giggly Gadgetry ,66497593-1, Orange,65.9,Free,
4R43U78JR02, Pogo Pals, Giggly Gadgetry ,66497593-1, Purple,11.99,Free,
7WJ3HU4KR30, Wobble Worm Pull Toy, Giggly Gadgetry ,66497593-1, Black,63.94,Free,
1K69WR7QD83, Hoot 'n' Toot Kazoo, Giggly Gadgetry ,66497593-1, White,67.84,Free,
3VR6AP7DA89, Squiggle Scribble Crayons, Giggly Gadgetry ,66497593-1, Blue,22.78,Free,
5MM5E06PE56, Zig Zag Zebra Puzzle, Giggly Gadgetry ,66497593-1, Green,81.27,Free,
3RP0YG6GR50, Ring-a-Ding Ding Dong Bell, Giggly Gadgetry ,66497593-1, Red,17.97,Free,
7KG2QM5DE79, Snappy Snap Blocks, Giggly Gadgetry ,66497593-1, Yellow,44.54,Free,
4GU9Q60GJ24, Peppy Penguin Plush, Giggly Gadgetry ,66497593-1, White,9.42,Free,
8CG6JY0JY77, Tricky Tracks Train Set, Giggly Gadgetry ,66497593-1, Black,48.86,Free,
3F72UN6ET50, Dino Dash Dinosaur Figure, Giggly Gadgetry ,66497593-1, Green,16.61,Free,
3U00EQ5YG87, Whimsy Wobble Walker, Giggly Gadgetry ,66497593-1, Blue,17.38,Free,
3HY3N10KG62, Bubble Bop Bath Toy, Giggly Gadgetry ,66497593-1, Yellow,91.49,Free,
7H97W05EC17, Giggle Gear Goggles, Giggly Gadgetry ,66497593-1, Orange,67.44,Free,
2K86UX5NP59, Squishy Squirt Squid, Giggly Gadgetry ,66497593-1, Purple,54.15,Free,
9KE0C80EQ28, Twirly Whirly Whistle, Giggly Gadgetry ,66497593-1, Red,29.79,Free,
7UN6HA4FE12, Beep Beep Bus, Giggly Gadgetry ,66497593-1, Yellow,62.7,Free,
6R79UP4MQ51, Fluffy Floppy Teddy Bear, Giggly Gadgetry ,66497593-1, Brown,47.99,Free,
1C42NT2VC47, Splash 'n' Dash Boat, Giggly Gadgetry ,66497593-1, Blue,60.13,Free,
1RW7N51AM55, Roly Poly Rollers, Giggly Gadgetry ,66497593-1, Red,88.29,Free,
6UE1YE8CY27, Jittery Jester Jigsaw Puzzle, Giggly Gadgetry ,66497593-1, Yellow,103.27,Free,
4C71UQ4CY87, Hoop 'n' Loop Hula Hoop, Giggly Gadgetry ,66497593-1, Green,39.7,Free,
2AQ4RA9WC95, Fuzzy Wuzzy Wombat Plush, Giggly Gadgetry ,66497593-1, Brown,61.86,Free,
3NQ4MH0AD85, Boogie Woogie Bug, Dizzy Doo,66497593-1, Yellow,101.15,Free,
8G96T71GV96, Giggle Wiggle Worm, Dizzy Doo,66497593-1, Green,9.69,Free,
3RJ5VP0VT66, Hop 'n' Pop Popcorn Maker, Dizzy Doo,66497593-1, Red,38.82,Free,
4HN8KJ4AN20, Whizzy Wacky Wiggle Ball, Dizzy Doo,66497593-1, Blue,56.11,Free,
8NX5VM2FK97, Tippy Toe Turtles, Dizzy Doo,66497593-1, Green,73,Free,
7WR1RP6MW33, Clang 'n' Bang Cymbals, Dizzy Doo,66497593-1, Silver,45.93,Free,
8A73R04AM17, Dizzy Doo Doo Dart, Dizzy Doo,66497593-1, Red,67.89,Free,
6VT4TC0AD68, Squish 'n' Squeeze Stress Ball, Dizzy Doo,66497593-1, Blue,102.36,Free,
8C29EA3PQ86, Gooey Giggly Gummy Bear, Dizzy Doo,66497593-1, Yellow,67.07,Free,
8TN4MR0MG12, Snazzy Snail Pull Toy, Dizzy Doo,66497593-1, Green,76.85,Free,
2E90WN4YH34, Zip 'n' Zap Zebra, Dizzy Doo,66497593-1, Black,61.38,Free,
5N28QX7XE19, Tumble Tot Blocks, Dizzy Doo,66497593-1, Blue,70.81,Free,
8G87P25KF45, Flap 'n' Flop Flamingo, Dizzy Doo,66497593-1, Pink,92.68,Free,
1CK6D40AJ62, Wacky Wiggle Worm, Dizzy Doo,66497593-1, Green,25.53,Free,
5Y55K16WV99, Twisty Turn Tornado, Dizzy Doo,66497593-1, Red,22.66,Free,
2PX5HE8RV32, Zippy Zoom Zoomer, Dizzy Doo,66497593-1, Blue,69.92,Free,
2UJ2AM7MQ80, Slinky Springy Snake, Dizzy Doo,66497593-1, Green,19.15,Free,
6D73C39JV27, Jolly Jumping Jester, Dizzy Doo,66497593-1, Red,17.18,Free,
6CK7V69UP12, Dizzy Doo Doo Duck, Dizzy Doo,66497593-1, Yellow,49.16,Free,
7VU4WR6CR12, Pitter Patter Puppy Plush, Dizzy Doo,66497593-1, Brown,13.21,Free,
1WK2JD5KQ65, Fluttery Flicker Firefly, Dizzy Doo,66497593-1, Yellow,49.54,Free,
9FF4T49MR05, Silly Slithering Snake, Dizzy Doo,66497593-1, Green,29.95,Free,
4RV3UH6RU71,Rocket Racer, Dizzy Doo,66497593-1, Red,83.44,Free,
3GC8AY4NP35,Super Speedster, Dizzy Doo,66497593-1, Blue,82.48,Free,
3AG7P53QD89,Zoom Zoom Car, Dizzy Doo,66497593-1, Yellow,57.4,Free,
5X49PJ5JQ70,Adventure Action Figure, Dizzy Doo,66497593-1, Green,54.8,Free,
8XM4FG5YW83,Magic Wand, Whirly Twirly Toys ,66497593-1, Pink,20.48,Free,
5D22HQ2CF81,Flying Disc, Whirly Twirly Toys ,66497593-1, Blue,11.2,Free,
9UE3KK9HC72,Bubble Blower, Whirly Twirly Toys ,66497593-1, Yellow,26.49,Free,
2EK0Q11DW89,Puzzle Playset, Whirly Twirly Toys ,66497593-1, Red,30.44,Free,
6QG0TH6TE40,Water Gun, Whirly Twirly Toys ,66497593-1, Blue,104.85,Free,
9TD4D92YD87,Toy Telescope, Whirly Twirly Toys ,66497593-1, Black,70.19,Free,
9RC3TN3KR10,Colorful Crayons, Whirly Twirly Toys ,66497593-1, Red,8.52,Free,
8HM8FQ3CU45,Jigsaw Puzzle, Whirly Twirly Toys ,66497593-1, Blue,79.39,Free,
8RJ5MX7PA30,Plush Teddy Bear, Whirly Twirly Toys ,66497593-1, Brown,96.73,Free,
7Y65DK1DT83,Dollhouse Dream, Whirly Twirly Toys ,66497593-1, Pink,64.94,Free,
8A43JT7WJ97,Dino Dig Kit, Whirly Twirly Toys ,66497593-1, Green,99.49,Free,
6JV7M99CK28,Remote Control Car, Whirly Twirly Toys ,66497593-1, Red,31.78,Free,
6M80YW4FG10,Stuffed Unicorn, Whirly Twirly Toys ,66497593-1, White,23.13,Free,
4FJ8X96PE09,Building Blocks, Whirly Twirly Toys ,66497593-1, Blue,45.27,Free,
8KM5P47NP49,Ring Toss Game, Whirly Twirly Toys ,66497593-1, Blue,106.31,Free,
1FC5FN3HK46,Play Kitchen Set, Whirly Twirly Toys ,66497593-1, Pink,38.84,Free,
8TH8GX4QA76,Dental Dog Treats, Whirly Twirly Toys ,66497593-1, Brown,83.07,Free,
5WA3E87JV42,Waterproof Pet Mat, Whirly Twirly Toys ,66497593-1, Blue,100.85,Free,
9RJ5N08RQ62,Squeaky Chew Toy, Whirly Twirly Toys ,66497593-1, Yellow,11.78,Free,
4FU1UA1AR86,Reflective Pet Collar, Whirly Twirly Toys ,66497593-1, Orange,99.53,Free,
2EA8JX4PP61,Pet Hair Remover Brush, Whirly Twirly Toys ,66497593-1, Blue,24.01,Free,
8VE8VD9DH82,Dog Poop Bags, Whirly Twirly Toys ,66497593-1, Green,1.74,Free,
2Q06MA3PD20,Dog Training Clicker,PawsomeGoods,40567698-1,Blue,89.99,Free,
9QN9FE1UA50,Flea and Tick Collar,PawsomeGoods,40567698-1,Black,56.1,Free,
5UP1X15CX00,Slow Feeder Bowl,PawsomeGoods,40567698-1,Green,67.34,Free,
8KX7FW9UC74,Plush Squeaky Toy,PawsomeGoods,40567698-1,Yellow,13.91,Free,
1CX5G75RF99,Interactive Treat Dispenser,PawsomeGoods,40567698-1,Purple,31.59,Free,
3N02HW9JT20,Cooling Mat,PawsomeGoods,40567698-1,Blue,79.27,Free,
8A67VT7EU69,Dog Nail Clippers,PawsomeGoods,40567698-1,Black,85.25,Free,
7X14T42UN47,Doggy Raincoat,PawsomeGoods,40567698-1,Orange,39.55,Free,
8J67X90NG96,LED Dog Collar,PawsomeGoods,40567698-1,Green,3.14,Free,
4WA0YY7HX63,Dog Puzzle Toy,PawsomeGoods,40567698-1,Pink,41.2,Free,
7DE8H81WD90,Doggy Backpack,PetPals,40567698-1,Gray,93.62,Free,
1UK3UN2GK82,Heating Pad,PetPals,40567698-1,Black,89.31,Free,
4JJ7XT7EK30,Dog Frisbee,PetPals,40567698-1,Blue,51.65,Free,
5AF5CC8HR08,Automatic Fish Feeder,PetPals,40567698-1,Black,43.24,Free,
8N48K13NH81,Puppy Training Pads,PetPals,40567698-1,White,10.24,Free,
2GX7HN1HG81,Doggy Life Jacket,PetPals,40567698-1,Orange,43.59,Free,
4WT0JA1JN41,Doggy Toothbrush,PetPals,40567698-1,White,85.79,Free,
5PH5K94JA13,Plush Pet Bed,PetPals,40567698-1,Brown,42.48,Free,
8H24M84WA59,Catnip Mouse Toy,PetPals,40567698-1,Gray,36.49,Free,
9C71A69AA07,Cozy Cave Bed,PetPals,40567698-1,Black,9.38,Free,
5AV0DH9XJ39,Self-Cleaning Cat Litter Box,PetPals,40567698-1,Gray,83.53,Free,
8E74CG9XX00,Scratch Resistant Cat Scratcher,PetPals,40567698-1,Brown,24.9,Free,
5HH2QP4DH58,Bird Cage Cover,PetPals,40567698-1,Blue,79.94,Free,
1QV1FJ6KQ49,Reflective Cat Harness,PawsomeGoods,40567698-1,Yellow,38.06,Free,
5YU0DU0DG95,Cat Grass Planter,PawsomeGoods,40567698-1,Green,8.83,Free,
3N91GT6GH64,Cat Tunnel,PawsomeGoods,40567698-1,Black,71.67,Free,
7X00NK1EW03,Bird Nesting Material,PawsomeGoods,40567698-1,Black,55.08,Free,
9YT2TY0MJ74,Cat Scratching Pad,PawsomeGoods,40567698-1,Brown,19.53,Free,
8E96XM6QX97,Bird Feeder,PawsomeGoods,40567698-1,Green,49.59,Free,
9D20FR8HG96,Bird Swing Perch,PawsomeGoods,40567698-1,Black,102.75,Free,
8CW6P39VR79,Bird Bath,PawsomeGoods,40567698-1,Blue,108.38,Free,
6DC7F66VA36,Parrot Toy,PawsomeGoods,40567698-1,Rainbow,69.73,Free,
8FY4T40XE77,Bird Perch,PawsomeGoods,40567698-1,Brown,67.53,Free,
7FJ8UT4WU86,Birdcage Liner,PawsomeGoods,40567698-1,White,94.47,Free,
4QR7MM5ME25,Bird Seed Feeder,HappyPets,40567698-1,Yellow,70.61,Free,
3V73F74WY71,Bird Treat Stick,HappyPets,40567698-1,Orange,31.31,Free,
9GC1HC8TF44,Disposable Litter Box,HappyPets,40567698-1,Gray,11.87,Free,
7N88VQ4UE55,Portable Pet Carrier,HappyPets,40567698-1,Blue,36.73,Free,
9JN8TA8RT22,Fish Tank Decoration,HappyPets,40567698-1,Pink,13.34,Free,
8C90K10FC31,Hamster Wheel,HappyPets,40567698-1,Pink,108.58,Free,
8VX3U15WG21,Rabbit Hutch,HappyPets,40567698-1,Black,11.68,Free,
3J43K35JJ94,Guinea Pig Hay Rack,HappyPets,40567698-1,Green,97.36,Free,
8WY1M76GX03,Rabbit Water Bottle,HappyPets,40567698-1,Blue,79.45,Free,
4PE4FN8YX28,Small Animal Bedding,HappyPets,40567698-1,Black,107.2,Free,
7K66QN6UM23,Rabbit Hideout,HappyPets,40567698-1,Brown,58.84,Free,
8Y34X61JM56,Floral Sundress, Bella Donna,58855308-1,White,86.88,L,
4PY5J31XT77,High-Waisted Jeans, Athena Apparel,58855308-1,Gray,76.96,S,
2JJ3X65CP47,Lace Bralette, Urban Chic,58855308-1,Pink,50.54,S,
3TP6EC4EW69,Denim Jacket, Vogue Couture,58855308-1,Blue,79.69,M,
8A98K50UJ06,Ankle Boots, Trendsetter Threads,58855308-1,Black,44.33,S,
9FV9C21YU46,Maxi Skirt, Urban Chic,58855308-1,Brown,20.36,L,
1H07DF7PP71,Striped T-shirt, Vogue Couture,58855308-1,Brown,12.73,L,
5D72V31EC25,Leather Jacket, Sophisticated Sisters,58855308-1,Blue,24.12,M,
8YF1EK1RK52,Boho Blouse, Trendsetter Threads,58855308-1,White,51.47,L,
6FV4U47WK44,Ripped Skinny Jeans, Athena Apparel,58855308-1,Black,42.44,XL,
6N84H90ND01,Knit Sweater, Trendsetter Threads,58855308-1,Pink,20.42,S,
5JY2TX8EV42,Midi Dress, Vogue Couture,58855308-1,Black,107.94,M,
6K49P59MK21,Platform Sandals, Elite Ensemble,58855308-1,Gray,0.37,L,
9YQ9VH3WG32,Wrap Top, Urban Chic,58855308-1,Gray,104.98,M,
1F11VK4RQ38,Wide-Leg Pants, Trendsetter Threads,58855308-1,Gray,26.58,M,
3NA8CJ2YW32,Off-Shoulder Blouse, Vogue Couture,58855308-1,Green,50.94,S,
9Q32MF1XX29,Bodycon Dress, Athena Apparel,58855308-1,Black,30.49,M,
1EW2R65AA04,Knee-High Boots, Sophisticated Sisters,58855308-1,Black,52.65,M,
4PF4M84CR49,Floral Kimono, Bella Donna,58855308-1,Black,45.71,M,
8E10H36WY40,Crop Top, Urban Chic,58855308-1,Black,45.64,L,
4HJ3X94AM40,Palazzo Pants, Bella Donna,58855308-1,Pink,16.69,S,
3N18AE8GM92,Peasant Blouse, Vogue Couture,58855308-1,White,50.52,S,
7G13MC0JY01,Tailored Blazer, Athena Apparel,58855308-1,Blue,10.05,M,
9W39A33FC48,Pleated Skirt, Elite Ensemble,58855308-1,Beige,96.83,L,
2W38N89QH13,Tank Top, Trendsetter Threads,58855308-1,Blue,155.55,XL,
6J19YT9QH69,Pencil Skirt, Athena Apparel,58855308-1,Black,139.27,M,
7W32QJ2AM21,Camisole, Trendsetter Threads,58855308-1,Gray,7.58,S,
9A25G34VY97,Utility Jumpsuit, Elite Ensemble,58855308-1,Black,26.39,M,
1EK3HG2VD35,Faux Fur Coat, Vogue Couture,58855308-1,White,11.29,S,
3R34GN4JE61,Fringe Jacket, Bella Donna,58855308-1,Green,27.7,M,
3MK4G07CW27,Cardigan Sweater, Urban Chic,58855308-1,Gray,38.39,L,
4MF3GY4HF03,Linen Shorts, Sophisticated Sisters,58855308-1,Brown,33.61,M,
3AV2MM2YU60,Slip Dress, Athena Apparel,58855308-1,Gray,22.87,L,
2V33U42HF67,Combat Boots, Vogue Couture,58855308-1,Blue,74.75,M,
7K27P15UC40,Graphic Tee, Trendsetter Threads,58855308-1,Pink,22.7,S,
8KC0MY4AH53,Bomber Jacket, Bella Donna,58855308-1,Black,135.27,L,
5Y11H22GT85,Sheath Dress, Athena Apparel,58855308-1,White,66.6,M,
1WT6JM1KW72,Ankle Booties, Urban Chic,58855308-1,Green,32.14,L,
7G60FX2MV20,Polka Dot Blouse, Elite Ensemble,58855308-1,Blue,102.6,M,
2W94Q34PM68,Cargo Pants, Sophisticated Sisters,58855308-1,Brown,64.54,M,
1WD1DH2NX87,Trench Coat, Vogue Couture,58855308-1,White,159.54,S,
9HH2FC0KK72,High-Low Dress, Urban Chic,58855308-1,Green,133.51,M,
6N40G90TU39,Espadrille Wedges, Elite Ensemble,58855308-1,White,157.16,L,
4W28GN6RM58,Turtleneck Sweater, Trendsetter Threads,58855308-1,Coral,78.3,M,
3F25KA6UD17,Culotte Pants, Athena Apparel,58855308-1,Coral,38.98,M,
6TW3HH8UW98,Halter Top, Bella Donna,58855308-1,White,61.4,XL,
8CK2DT5UD73,Denim Shorts, Urban Chic,58855308-1,Blue,98.31,M,
8T80HX9QV46,Wrap Dress, Athena Apparel,58855308-1,Black,98.57,S,
8DG2KN2RN08,Riding Boots, Sophisticated Sisters,58855308-1,Blue,50.54,M,
2N28RR7CJ20,Velvet Blazer, Vogue Couture,58855308-1,Blue,70.58,M,
2P94D65RP31,Shirtdress, Trendsetter Threads,58855308-1,Brown,62.21,S,
7M60C98JA32,Chelsea Boots, Athena Apparel,58855308-1,Black,34.77,L,
3HR9T87HN01,Sequin Top, Vogue Couture,58855308-1,White,100.56,M,
1WK4U99MM89,Linen Jumpsuit, Elite Ensemble,58855308-1,Black,25.64,S,
8VX9H85YM39,Kimono Cardigan, Trendsetter Threads,58855308-1,Gold,93.05,M,
2DE8UW5MJ89,Bell Sleeve Blouse, Urban Chic,58855308-1,Gold,10.09,M,
8JM4FP4MX45,A-line Skirt, Bella Donna,58855308-1,Gray,38.67,S,
6M02Q23RX95,Sleeveless Blazer, Vogue Couture,58855308-1,Gray,24.17,M,
5W89AE4RK75,Midi Skirt, Athena Apparel,58855308-1,Black,29.05,M,
1E20X34PA01,Oversized Sweater, Trendsetter Threads,58855308-1,Camel,14.75,L,
3R78PY1RY31,Wide-Brim Hat, Bella Donna,58855308-1,White,42.87,S,
5T68Q44QJ98,Boyfriend Jeans, Urban Chic,58855308-1,Gray,36.43,M,
3YV9FX0YM37,Peplum Top, Athena Apparel,58855308-1,Pink,23.87,S,
7W49NY4MP85,Leather Leggings, Vogue Couture,58855308-1,Blue,23.47,XL,
9JF1GA2NT90,Slip-On Sneakers, Elite Ensemble,58855308-1,Black,29.01,XL,
8D92XW8DF07,Utility Jacket, Trendsetter Threads,58855308-1,Brown,28.98,XL,
9MA6RN1XU16,Flannel Shirt, Sophisticated Sisters,58855308-1,Brown,9.93,M,
4KF2XX1GT05,Cropped Hoodie, Bella Donna,58855308-1,Blue,52.57,XL,
1UT3Y71RG72,Frayed Hem Jeans, Urban Chic,58855308-1,White,66.32,M,
9XT5R51AV31,Maxi Cardigan, Athena Apparel,58855308-1,Black,51.8,M,
4DH3X44RG60,Lace Cami, Vogue Couture,58855308-1,Pink,30.45,S,
7FM1TY2WW43,Paperbag Waist Pants, Trendsetter Threads,58855308-1,Black,52.47,XL,
2N47J48KG78,Wrap Sweater, Bella Donna,58855308-1,Gray,39.66,XL,
4VV2QF4QF87,Embroidered Blouse, Urban Chic,58855308-1,Gray,13.61,XL,
7Y92KU2TP05,Cargo Skirt, Vogue Couture,58855308-1,Gray,36.59,M,
9NY9U19DU27,Faux Leather Pants, Athena Apparel,58855308-1,Green,33.11,S,
4WE9DV6GK07,Cape Coat, Elite Ensemble,58855308-1,Black,35.64,XS,
5AR0UM6CP81,Tunic Dress, Trendsetter Threads,58855308-1,Black,29.39,M,
7H59YW3UQ28,Suede Skirt, Bella Donna,58855308-1,Black,79.84,XL,
1K14TY2GE14,Fishnet Tights, Vogue Couture,58855308-1,Black,2.96,L,
3HX0PP7GX49,Strappy Sandals, Athena Apparel,58855308-1,Pink,105.73,M,
5CQ1KE2YU33,Oversized Shirt, Urban Chic,58855308-1,White,69.05,M,
3R45T77QQ75,Pleather Jacket, Trendsetter Threads,58855308-1,Blue,127.03,XL,
4R40D92HK27,Crochet Top, Elite Ensemble,58855308-1,Beige,21.74,XS,
6PQ0K75PP44,Paperbag Shorts, Bella Donna,58855308-1,Blue,161.89,XS,
3GR7K88MQ97,Bell Bottom Jeans, Vogue Couture,58855308-1,Black,30.73,2XL,
5U52EK3YU02,Kimono Dress, Athena Apparel,58855308-1,Gray,30.77,XS,
3HW3RY4UY11,Sheer Blouse, Trendsetter Threads,58855308-1,Black,54.06,L,
5PD3DD3YD39,Tweed Jacket, Urban Chic,58855308-1,White,33.47,XL,
5QR7CG8GC57,Plaid Scarf, Vogue Couture,58855308-1,Green,19.94,M,
8D39MP4NV93,Cutout Dress, Sophisticated Sisters,58855308-1,Gray,18.5,XL,
8AT0WD1CV64,Puffer Vest, Bella Donna,58855308-1,Brown,45.78,S,
7MU5HN8MJ83,Bustier Top, Athena Apparel,58855308-1,Gray,45.77,L,
4EP2VT1VE52,Linen Blazer, Trendsetter Threads,58855308-1,Blue,48.63,M,
6JF7KC0ME02,Belted Trench Coat, Urban Chic,58855308-1,Pink,12.73,M,
8V40U12UK39,Lace Midi Skirt, Elite Ensemble,58855308-1,Black,23.1,XS,
2RV9CN0YC25,Peasant Dress, Vogue Couture,58855308-1,White,10.96,S,
7WA4RJ0NC67,Cap Sleeve Blouse, Athena Apparel,58855308-1,Green,108.67,XL,
7TY5JN6EP00,Denim Pinafore Dress, Bella Donna,58855308-1,Blue,62.24,XL,
9PH6HJ5YF42,Velvet Wrap Top, Urban Chic,58855308-1,Brown,0.05,L,
6N52XT3EH05,Cargo Jacket, Trendsetter Threads,58855308-1,White,124.77,S,
7AH5D87WF22,Ruffle Hem Skirt, Vogue Couture,58855308-1,Green,8.71,XL,
9EG6H32AK72,Off-The-Shoulder Dress, Sophisticated Sisters,58855308-1,White,162.77,XL,
8TK5J17YT10,Utility Skirt, Elite Ensemble,58855308-1,Coral,123.1,XS,
4NV2ND4QK96,Mock Neck Top, Bella Donna,58855308-1,Coral,164.56,L,
4F65YX4GD72,Gingham Dress, Athena Apparel,58855308-1,White,8.19,3XL,
3KP8WN9PC18,Cable Knit Sweater, Trendsetter Threads,58855308-1,Blue,107.26,XL,
8T60Q83YJ71,Belted Wide-Leg Pants, Urban Chic,58855308-1,Black,11.25,XL,
3N81C41JA02,Tassel Earrings, Vogue Couture,58855308-1,Blue,68.61,S,
6F96NR4QY05,Cropped Wide-Leg Jeans, Elite Ensemble,58855308-1,Blue,159.16,M,
2TK6VE9RH88,Kimono Robe, Bella Donna,58855308-1,Brown,165.71,L,
2M07RJ0XF27,Button-Front Skirt, Athena Apparel,58855308-1,Black,94.34,L,
9EW8G06MH98,Flare Sleeve Blouse, Vogue Couture,58855308-1,White,29.86,L,
2DA3XW4HY25,Faux Wrap Dress, Trendsetter Threads,58855308-1,Black,53.28,S,
3TQ9HQ1RF11,Embellished Jeans, Urban Chic,58855308-1,Gold,76.68,XS,
3E62CP6XT50,Ruched Bodycon Dress, Sophisticated Sisters,58855308-1,Gold,24.77,XL,
1X13R80KQ42,Striped Maxi Dress, Athena Apparel,58855308-1,Gray,149.08,L,
5HU4HW2JM72,Lace Trim Camisole, Vogue Couture,58855308-1,Gray,17.64,M,
9YR6EG7NC11,Jacquard Blazer, Elite Ensemble,58855308-1,Black,91.75,S,
8QJ4VQ1QG24,V-Neck Jumpsuit, Trendsetter Threads,58855308-1,White,13.78,L,
8TQ7P39MT97,Plaid Mini Skirt, Bella Donna,58855308-1,White,43.44,2XL,
2Q28TC8FT46,Faux Suede Jacket, Urban Chic,58855308-1,White,37.34,S,
6HK7F55VM63,Sheer Maxi Skirt, Athena Apparel,58855308-1,Blue,38.73,3XL,
7T90KG3ED20,Ruffle Sleeve Top, Vogue Couture,58855308-1,Black,39.23,S,
9V31PP3AF18,Floral Print Romper, Urban Chic,58855308-1,Blue,26.46,M,
5U01FW4VA70,Floral Maxi Dress, Trendsetter Threads,58855308-1,Blue,17.89,XS,
6EE8M41QM49,Striped Crop Top, Urban Chic,58855308-1,Brown,30.5,M,
9E41W74VR45,Denim Skirt, Elite Ensemble,58855308-1,Black,33.73,XL,
9P79Y02NY30,Lace Blouse, Vogue Couture,58855308-1,White,11.31,L,
9WD3W08JN83,Ruffled Sundress, Athena Apparel,58855308-1,Black,27.61,M,
1KX3HJ0KH41,Linen Jumpsuit, Bella Donna,58855308-1,Gold,44.08,M,
4RR3UE7UR88,Boho Kimono, Urban Chic,58855308-1,Gold,32,3XL,
3D26PE2RA32,Off-Shoulder Romper, Trendsetter Threads,58855308-1,Gray,47.13,L,
3PD6PH5KN24,Pleated Midi Skirt, Vogue Couture,58855308-1,Gray,28.89,XL,
3Y96T56ME51,Embroidered Tunic, Sophisticated Sisters,58855308-1,Black,15.71,M,
8K30VM2YG53,Polka Dot Blouse, Elite Ensemble,58855308-1,Camel,43.28,XL,
3R41W88TR95,Velvet Wrap Dress, Bella Donna,58855308-1,Black,33.94,S,
6FR0E75YE74,Crochet Halter Top, Athena Apparel,58855308-1,Camel,82.83,L,
5CY7M41EK82,Satin Slip Dress, Trendsetter Threads,58855308-1,White,132.24,M,
2RA9PQ8YJ28,Tulle Ballerina Skirt, Urban Chic,58855308-1,Gray,96,3XL,
4J69DF4KW80,Sequin Camisole, Vogue Couture,58855308-1,Pink,141.4,XS,
7ME4FQ7DX53,Utility Jumpsuit, Elite Ensemble,58855308-1,Blue,6.83,S,
2VV7XG4JD91,Tie-Dye Maxi Dress, Athena Apparel,58855308-1,Black,28.9,XL,
2TJ3M64NW79,Cropped Cardigan, Vogue Couture,58855308-1,Brown,30.15,XL,
7GT5P93QU02,Chiffon Wrap Blouse, Elite Ensemble,58855308-1,Brown,40.15,L,
6VY4KV7WN57,Tiered Ruffle Dress, Trendsetter Threads,58855308-1,Blue,54.81,S,
3T51WE8RV59,Floral Print Kimono, Bella Donna,58855308-1,White,39.78,XL,
1KJ7GK7RR82,Ribbed Knit Sweater, Urban Chic,58855308-1,Black,34.78,XL,
4J88RD5MQ97,Plaid Mini Skirt, Trendsetter Threads,58855308-1,Pink,41.37,XL,
6G52XT3GV96,Wrap Front Bodysuit, Bella Donna,58855308-1,Black,44.45,2XL,
7Y38DV2DD37,Embellished Denim Jacket, Urban Chic,58855308-1,Gray,34.41,S,
2CQ8KU6VJ74,Sheer Mesh Top, Urban Chic,58855308-1,Gray,39.54,M,
8YX7UX3AK88,Paperbag Waist Pants, Trendsetter Threads,58855308-1,Gray,28.97,L,
2KG2F91WR57,Embroidered Peasant Blouse, Bella Donna,58855308-1,Green,21.98,L,
8RR6G29PQ34,Faux Leather Leggings, Bella Donna,58855308-1,Black,33.26,L,
3AX1X29TP50,Crew Neck T-shirt,Vogue Couture,58855308-2,Black,17.82,XS,
6RN1HH3YG41,Slim Fit Jeans,Trendsetter Threads,58855308-2,Black,20.51,XL,
8N99CC0TJ53,Button-down Shirt,Stalwart Styles,58855308-2,Black,32.94,3XL,
3CP4NP5PE43,Chino Shorts,Urban Chic,58855308-2,Pink,20.09,XS,
2HE6WM1UJ12,Polo Shirt,Gentleman's Attire,58855308-2,White,20.12,XS,
2D38JA4DJ58,Cargo Pants,Stalwart Styles,58855308-2,Blue,72.6,2XL,
9K98ER7CT67,Hooded Sweatshirt,Trendsetter Threads,58855308-2,Beige,16.89,XS,
7AU5MK2ED97,Bomber Jacket,Gentleman's Attire,58855308-2,Blue,14.36,2XL,
3U65M18MF74,Graphic Tee,Urban Chic,58855308-2,Black,29.43,S,
6JA8KA1DH33,Denim Jacket,Vogue Couture,58855308-2,Gray,40.64,M,
8PM1YG5AT44,Plaid Flannel Shirt,Stalwart Styles,58855308-2,Black,19.01,3XL,
2KD9EM9VW10,Puffer Vest,Urban Chic,58855308-2,White,37.74,2XL,
2TM6HG5AA99,Track Pants,Trendsetter Threads,58855308-2,Green,23.47,XS,
6NA0H82JK22,V-neck Sweater,Vogue Couture,58855308-2,Gray,45.11,XS,
3VV2N61QQ93,Baseball Cap,Trendsetter Threads,58855308-2,Brown,27.98,2XL,
8WD2KN6XG72,Blazer Jacket,Stalwart Styles,58855308-2,Gray,55.27,L,
4VA3KE8TK23,Leather Belt,Urban Chic,58855308-2,Blue,14.36,2XL,
4WF0MU0DU65,Cargo Shorts,Gentleman's Attire,58855308-2,Pink,30.86,M,
9C14F39JK70,Henley Shirt,Trendsetter Threads,58855308-2,Black,15.07,XS,
9C23G16VN81,Quilted Jacket,Urban Chic,58855308-2,White,46.82,XL,
1EM0JG5FQ43,Jogger Pants,Gentleman's Attire,58855308-2,Green,55.09,M,
7YY4QK9QD64,Oxford Shoes,Stalwart Styles,58855308-2,Blue,10.09,2XL,
1WU2X43WQ02,Suit Vest,Vogue Couture,58855308-2,Brown,26.43,XL,
4CV3PF3AE33,Rugby Polo,Urban Chic,58855308-2,White,49.75,S,
2K54YF3QA01,Camouflage Pants,Trendsetter Threads,58855308-2,Green,37.34,XL,
5AY1UU7VR85,Windbreaker Jacket,Gentleman's Attire,58855308-2,White,28.12,XL,
9N04AM5DF62,Pullover Hoodie,Stalwart Styles,58855308-2,Coral,26.29,M,
2T90VF0KG67,Cargo Vest,Vogue Couture,58855308-2,Coral,45.77,L,
3P56VA9PV46,Graphic Hoodie,Urban Chic,58855308-2,White,43.58,M,
6AG9R95EU78,Linen Shirt,Trendsetter Threads,58855308-2,Blue,22.99,2XL,
7MH7EK5AX15,Board Shorts,Gentleman's Attire,58855308-2,Black,26.82,M,
1UX6QQ0MD66,Harrington Jacket,Vogue Couture,58855308-2,Blue,28.45,XL,
3PR5RF6QC83,Muscle Tank Top,Stalwart Styles,58855308-2,Blue,23.15,3XL,
2E76FW6YE98,Slim Fit Chinos,Urban Chic,58855308-2,Brown,14.48,S,
5WY1G98FX63,Field Jacket,Trendsetter Threads,58855308-2,Black,151.07,S,
8U71WW8JE82,Rugby Shirt,Vogue Couture,58855308-2,Brown,164.78,XL,
9FG9E92QY14,Athletic Shorts,Stalwart Styles,58855308-2,White,144.14,XS,
7YW0Q82XM49,Fisherman Sweater,Trendsetter Threads,58855308-2,Green,36.94,XS,
3K83WG9RR83,Suede Loafers,Gentleman's Attire,58855308-2,White,62.51,XS,
3P09RD2MA20,Denim Shorts,Urban Chic,58855308-2,Coral,20.99,S,
9AW0X47AK59,Corduroy Pants,Vogue Couture,58855308-2,Coral,52.3,XS,
4DW9GQ5UJ22,Motorcycle Jacket,Trendsetter Threads,58855308-2,White,13.21,XL,
4JJ9JP2UW45,Camp Shirt,Stalwart Styles,58855308-2,Blue,34.17,L,
8J89FN7UP81,Pajama Pants,Urban Chic,58855308-2,Black,43.01,XS,
8DF2AN1QN30,Shawl Collar Cardigan,Gentleman's Attire,58855308-2,Blue,11.71,2XL,
9X13MA6AP12,Ski Jacket,Trendsetter Threads,58855308-2,Blue,28.96,2XL,
8W55ME1UD49,Athletic Pants,Stalwart Styles,58855308-2,Brown,52.27,S,
9MV6A47HR75,Basketball Shorts,Vogue Couture,58855308-2,Black,44.23,2XL,
8E78QJ1EX29,Trucker Jacket,Urban Chic,58855308-2,White,19.01,M,
7JJ7UD4TV20,Hiking Boots,Trendsetter Threads,58855308-2,Black,12.38,S,
9AG5RJ4GY33,Performance Polo,Gentleman's Attire,58855308-2,Gold,24.46,3XL,
6MT0UY8TQ82,Cargo Joggers,Vogue Couture,58855308-2,Gold,8.83,2XL,
1AW7Y88EH18,Rugby Shorts,Stalwart Styles,58855308-2,Gray,31.69,3XL,
8JU1V82VT90,Waffle Knit Henley,Trendsetter Threads,58855308-2,Gray,24.4,2XL,
7VJ6XJ2YF36,Fishing Shirt,Urban Chic,58855308-2,Black,40.74,L,
7KX6ER7YK87,Wool Peacoat,Gentleman's Attire,58855308-2,White,23.53,S,
8N81HJ4UV81,Running Shorts,Urban Chic,58855308-2,White,18.99,2XL,
9YG9C07CV47,Muscle Tank,Trendsetter Threads,58855308-2,White,117.04,XL,
5XE2CF3NM24,Cargo Sweatpants,Vogue Couture,58855308-2,Blue,34.71,M,
5CW2Q80YT56,Motorcycle Boots,Gentleman's Attire,58855308-2,Black,24.56,2XL,
6GH6RN6NU44,Bomber Sweatshirt,Stalwart Styles,58855308-2,Blue,40.6,3XL,
8DJ2RX7WT05,Pleated Dress Pants,Urban Chic,58855308-2,Blue,13.23,L,
7A42Q03MN20,Training Shorts,Vogue Couture,58855308-2,Brown,21.61,M,
8JE9N50AG80,Canvas Sneakers,Stalwart Styles,58855308-2,Black,51.46,XL,
1KE3VY3YG33,Corduroy Jacket,Trendsetter Threads,58855308-2,White,31.21,M,
6RK8QH5GJ00,Cargo Jogger Shorts,Gentleman's Attire,58855308-2,Black,15.53,S,
7N14RF7VM01,Mock Neck Sweater,Urban Chic,58855308-2,Gold,154.37,XS,
6RJ5C67JN83,Ski Pants,Trendsetter Threads,58855308-2,Gold,93.62,XL,
1DC6MQ6EE31,Fleece Zip-up Jacket,Stalwart Styles,58855308-2,Gray,46.58,3XL,
5V18C87EX96,Beach Shorts,Vogue Couture,58855308-2,Gray,27.18,3XL,
8Y18HN2FX67,Rugby Sweater,Gentleman's Attire,58855308-2,Black,25.05,XS,
4QJ0JG4KR87,Linen Blazer,Urban Chic,58855308-2,Camel,32.89,XS,
6NF6T09NQ34,Jogger Shorts,Trendsetter Threads,58855308-2,Black,30.42,M,
6JN2HM8YH08,Ski Gloves,Stalwart Styles,58855308-2,Camel,17.58,2XL,
5R78WD1WH65,Polo Sweater,Vogue Couture,58855308-2,White,29.55,XS,
3GX3EX4NF67,Smart TV , TechElite,70527008-1, Black,3033.24,Default,
1P68F92ED83,Wireless Headphones , TechElite,70527008-1, Gray,3379.56,Default,
8F21FW6HR22,Fitness Tracker , TechElite,70527008-1, Black,374.62,Default,
6TE1AA3TC56,Robot Vacuum , TechElite,70527008-1, White,1759.11,Default,
2X14GE5JE78,Digital Camera , TechElite,70527008-1, Black,899.73,Default,
3QM2QJ2PD04,Laptop Computer , TechElite,70527008-1, Silver,3970.68,Default,
6RF5GV2JF09,Smartwatch , TechElite,70527008-1, Black,3270.51,Default,
4N54NK1AP14,Drone , TechElite,70527008-1, Gray,3109.14,Default,
2T46E72UT34,Portable Charger , TechElite,70527008-1, Black,2853.2,Default,
8CU1RU6NP44,E-Reader, TechElite,70527008-1, White,1107.83,Default,
5CX6FJ6QV35,Action Camera , TechElite,70527008-1, Gray,3463.39,Default,
3J07HV4HJ69,Tablet Device , TechElite,70527008-1, Black,1889.64,Default,
9MV7Y04QY27,Smart Thermostat , TechElite,70527008-1, White,3458.64,Default,
1NM6FP0AM41,Smart Light Bulb , TechElite,70527008-1, White,4598.14,Default,
6M32W77QE04,Wireless Security Camera , TechElite,70527008-1, Black,2867.64,Default,
8DH9VN0XG54,Portable Power Bank , TechElite,70527008-1, Black,1746.55,Default,
5DM0JQ4WC42,Smart Mirror , TechElite,70527008-1, Gray,4033.46,Default,
6J05DK5NE29,Portable CD Player , TechElite,70527008-1, Black,2221.48,Default,
7ED7KU1ME13,Wireless Charging Stand , TechElite,70527008-1, Black,302.57,Default,
5XA1DC9TW91,Smart Alarm Clock , TechElite,70527008-1, White,1076.27,Default,
2WM3HU0UT28,Wearable Camera , TechElite,70527008-1, Black,3557.22,Default,
6QJ3F13UM57,Smart Ring , TechElite,70527008-1, Black,4582.8,Default,
3EC9EY7UV30,Smart Garden System , TechElite,70527008-1, Green,1089.53,Default,
6FU9YR4DJ53,Smart Weather Station , TechElite,70527008-1, White,1425.17,Default,
2TF3VW5FK41,Smart Glasses , TechElite,70527008-1, Black,1341.69,Default,
4D17HD6QN38,Wireless Barcode Scanner , TechElite,70527008-1, Gray,1128.45,Default,
5K13H42VN39,Smart Kitchen Scale , TechElite,70527008-1, White,2564.18,Default,
7X87WQ9RU79,Smart Umbrella , TechElite,70527008-1, Black,4389.56,Default,
1H21FD5EM23,Bluetooth Speaker , NovaTech,70527008-1, Black,4519.85,Default,
2KY4N56FK00,Gaming Console , NovaTech,70527008-1, Black,3846.58,Default,
6AM0UD3GR27,Gaming Mouse , NovaTech,70527008-1, Black,2265.9,Default,
4CW5UP7QD44,Gaming Headset , NovaTech,70527008-1, Black,1907.41,Default,
8J59JK0QT54,Gaming Monitor , NovaTech,70527008-1, Black,2367.51,Default,
1MG5J33DQ09,Gaming Controller , NovaTech,70527008-1, Black,78.92,Default,
1EF1H46JK87,Handheld Gaming Console , NovaTech,70527008-1, Black,104.3,Default,
5TJ3EK4JJ51,Smart Doorbell , FutureTech,70527008-1, Black,174.12,Default,
8XE6XV0DA95,Streaming Device , FutureTech,70527008-1, Black,184.98,Default,
8TH3C50HX71,Virtual Reality Headset , FutureTech,70527008-1, Black,260.59,Default,
7CM8R02MK19,Smart Ceiling Fan , FutureTech,70527008-1, White,228.4,Default,
8M50VW1UR07,Smart Coffee Maker , FutureTech,70527008-1, Black,169.56,Default,
5DR3M03AF23,Smart Water Bottle , FutureTech,70527008-1, Gray,109.38,Default,
7DR8XM6HT35,Smart Picture Frame , FutureTech,70527008-1, Black,6.86,Default,
2CP1RC9KY88,Smart Lock , FutureTech,70527008-1, Gray,116.92,Default,
6YD5PR4MN09,Smart Backpack , FutureTech,70527008-1, Black,120.62,Default,
1W11XF2TG62,Smart Pet Feeder , FutureTech,70527008-1, White,46.18,Default,
6W53XX0VH98,Smart Wristband , FutureTech,70527008-1, Black,312.64,Default,
6AX0KU2YW33,Wireless Mouse , GigaGadgets,70527008-1, Black,63.47,Default,
7WY7AR5WT83,Home Security Camera , GigaGadgets,70527008-1, Black,222.7,Default,
8GH5D71VW91,Smart Home Hub , GigaGadgets,70527008-1, Black,98.2,Default,
1PW0T43NM59,Electric Toothbrush , GigaGadgets,70527008-1, White,161.34,Default,
2NJ3GK8KU14,Car Dash Cam , GigaGadgets,70527008-1, Black,151.12,Default,
1TT9QH4NY95,Smart Plug , GigaGadgets,70527008-1, White,283.51,Default,
8UQ3TQ0QF98,Wireless Router , GigaGadgets,70527008-1, Black,209.6,Default,
6MG9MC2NG59,Electric Scooter , GigaGadgets,70527008-1, Black,130.34,Default,
2PP8VM4MP49,Solar Power Bank , GigaGadgets,70527008-1, Black,35.63,Default,
8C37X05FV90,Electric Bike , GigaGadgets,70527008-1, Black,34.84,Default,
8QP9P86UH73,Electric Shaver , TechElite,70527008-1, Gray,152.61,Default,
9QM1Y50DE26,Portable Bluetooth Speaker , NovaTech,70527008-1, Black,207.39,Default,
3HC3EC7NF29,Fitness Smartwatch , TechElite,70527008-1, Black,234.28,Default,
9XQ5VV5EW76,Wireless Earbuds , TechElite,70527008-1, Black,218.25,Default,
8MF3HR6NM68,Smart Scale , FutureTech,70527008-1, White,180.87,Default,
7FW5E80FG12,Smart Vacuum Cleaner , TechElite,70527008-1, Black,182.65,Default,
1CD5QJ9DE22,Gaming Keyboard , NovaTech,70527008-1, Black,211.07,Default,
3GF0QP5XQ14,Streaming Stick , FutureTech,70527008-1, Black,138.22,Default,
3GJ7T34VY58,VR Headset , FutureTech,70527008-1, Black,217.2,Default,
5RJ0EP2PT86,Smart Oven , FutureTech,70527008-1, Black,277.76,Default,
9EU9K95PG07,Home Assistant , FutureTech,70527008-1, Gray,93.12,Default,
8T40TJ8WA84,Smart Garage Door Opener , FutureTech,70527008-1, Black,119.59,Default,
3KU0CU2KM41,Smart Water Leak Detector , FutureTech,70527008-1, White,171.97,Default,
2AP0DN3GE93,Wireless Gaming Headset , NovaTech,70527008-1, Black,2.11,Default,
9UG7N87PP35,Bluetooth Gamepad , NovaTech,70527008-1, Black,228.08,Default,
8RF8EF8RD05,Wireless Controller Charger , NovaTech,70527008-1, Black,152.88,Default,
6FX8TX9JD34,Wireless Gaming Mouse , NovaTech,70527008-1, Black,184.33,Default,
8D46HR8PT17,Gaming Headphone Stand , NovaTech,70527008-1, Black,71.79,Default,
2YJ3YN2DP45,Gaming Desk , NovaTech,70527008-1, Black,207.91,Default,
1VA4GW7TK38,Virtual Reality Gloves , FutureTech,70527008-1, Black,108.98,Default,
9GN6Y77YD25,Smart Baby Monitor , FutureTech,70527008-1, White,275.82,Default,
1UD9YC5EA17,Smart Refrigerator , FutureTech,70527008-1, Silver,154.6,Default,
1D22FP6FQ23,Smart Thermostat , FutureTech,70527008-1, White,17.86,Default,
6G57MM7UX85,Smart Door Lock , FutureTech,70527008-1, Black,184.77,Default,
5V16GF1RE57,Smart Light Switch , FutureTech,70527008-1, White,64.07,Default,
8M06AA7FW06,Smart Speaker , FutureTech,70527008-1, Black,230.77,Default,
1Q00U79RQ92,Coffee Maker, EcoLiving ,92910279-1, Black,108.73,Free,
5DR1M38YW11,Stainless Steel Water Bottle, GreenHome ,92910279-1, Silver,170.69,L,
2RC7Y26TM64,Ceramic Mug Set, Nature's Way ,92910279-1, White,138.89,Free,
1JC5W24PJ52,Non-Stick Cookware Set, Earthy Essentials ,92910279-1, Gray,28.95,Free,
1GJ8UA4WH44,Glass Food Storage Containers, Sustainable Solutions ,92910279-1, Clear,302.14,L,
5MN2A10FG43,Bamboo Cutting Board, PureBamboo ,92910279-1, Natural,329.57,Free,
6Y25D82GF57,Silicone Kitchen Utensil Set, Organic Choice ,92910279-1, Gray,288.28,Free,
6FE8M95DN26,Reusable Grocery Bags, EcoLiving ,92910279-1, Green,73.88,L,
4FN1XJ1QF33,Organic Cotton Towel Set, GreenHome ,92910279-1, White,13.03,Free,
3N92UU3KG10,Essential Oil Diffuser, Nature's Way ,92910279-1, White,125.93,Free,
7W49Q79AH15,Aromatherapy Candles, Earthy Essentials ,92910279-1, Ivory,313.79,Free,
9RJ2QK3DE37,Handheld Milk Frother, Sustainable Solutions ,92910279-1, Silver,79.26,Free,
7D50QF9PD74,Bamboo Dish Rack, PureBamboo ,92910279-1, Natural,205.02,Free,
4H78CT2FX07,Stainless Steel Straw Set, Organic Choice ,92910279-1, Silver,258.07,Free,
5J15H38WH46,Cloth Napkin Set, EcoLiving ,92910279-1, Beige,70.24,Free,
4NU0E42TW50,Eco-Friendly Cleaning Brush Set, GreenHome ,92910279-1, Green,173.79,Free,
4DX8P08KE60,Glass Meal Prep Containers, Nature's Way ,92910279-1, Clear,313.6,Free,
5YK0D15FA43,Stainless Steel Lunch Box, Earthy Essentials ,92910279-1, Silver,265.39,XL,
7V35PF7FA81,Eco-Friendly Dish Soap, Sustainable Solutions ,92910279-1, Clear,114.07,Free,
6N29QJ2JV21,Beeswax Food Wrap Set, Organic Choice ,92910279-1, Yellow,74.29,Free,
8VJ8PX2KH93,Silicone Baking Mat Set, EcoLiving ,92910279-1, Gray,146.74,Free,
2CC1AG4ME66,Natural Laundry Detergent, GreenHome ,92910279-1, White,52.98,Free,
6TH2MN1JA79,Wooden Hangers Set, Nature's Way ,92910279-1, Brown,190.16,Free,
1FV3NC3ND01,Reusable Silicone Food Storage Bags, Nature's Way ,92910279-1, Clear,146.42,M,
3NH1QX2AU14,Bamboo Toilet Brush Set, PureBamboo ,92910279-1, Natural,244.42,Free,
3CJ9ND2WA32,Biodegradable Trash Bags, Sustainable Solutions ,92910279-1, White,141.16,L,
8DV4JJ5MJ82,Stainless Steel Travel Cutlery Set, Organic Choice ,92910279-1, Silver,37.98,Free,
4E61UC9GJ54,Bamboo Serving Tray, PureBamboo ,92910279-1, Natural,234.07,Free,
4P04DE2TU61,Glass Water Pitcher, Nature's Way ,92910279-1, Clear,208.28,Free,
3KK7C45QD90,Reusable Silicone Baking Cups, Earthy Essentials ,92910279-1, Multicolor,147.38,M,
3RP5J00EF93,Wooden Salad Bowl Set, Sustainable Solutions ,92910279-1, Brown,243.62,Free,
5RP2HA7XD88,Bamboo Hair Brush, PureBamboo ,92910279-1, Natural,79.38,Free,
7UW2VJ7FP06,Stainless Steel Drinking Straws, GreenHome ,92910279-1, Silver,129.64,Free,
4EJ5GV7UX97,Eco-Friendly Dishwashing Liquid, Nature's Way ,92910279-1, Clear,308.74,Free,
6DJ3RJ0PQ36,Beeswax Wrap Roll, Earthy Essentials ,92910279-1, Yellow,187.24,L,
9T97G83JJ05,Bamboo Drawer Organizer Set, PureBamboo ,92910279-1, Natural,93.16,Free,
7XR1KY0NP64,Silicone Stretch Lids Set, Sustainable Solutions ,92910279-1, Multicolor,54.37,Free,
2N96T17HC24,Cloth Produce Bags, Organic Choice ,92910279-1,Black,228.62,XL,
1P27UK5QR81,Bamboo Kitchen Drawer Divider Set, PureBamboo ,92910279-1, Natural,77.52,Free,
4J74R96RD54,Natural Dishwashing Brush Set, GreenHome ,92910279-1, Brown,25.43,Free,
8JW2NA1MQ31,Stainless Steel Mixing Bowl Set, Nature's Way ,92910279-1, Silver,150.28,Free,
7D09QR6MQ04,Reusable Cotton Swab Set, Sustainable Solutions ,92910279-1, White,197.31,Free,
8VY8GV0JY38,Glass Spice Jar Set, Sustainable Solutions ,92910279-1, Clear,182.52,Free,
5Y48F97CT45,Bamboo Desk Organizer Set, PureBamboo ,92910279-1, Natural,105.47,Free,
9V04GW8VU41,Stainless Steel Water Filter Pitcher, Nature's Way ,92910279-1, Silver,177.31,Free,
3N11EW5UN36,Silicone Stretch Wrap Set, Earthy Essentials ,92910279-1, Clear,209.19,Free,
3AK6WP3RM41,Bamboo Bedside Caddy, PureBamboo ,92910279-1, Natural,233.07,Free,
1K86J51FP88,Natural Fiber Scrub Brush Set, Organic Choice ,92910279-1, Brown,25.84,Free,
1KY4KP6FT10,Glass Storage Jar Set, EcoLiving ,92910279-1, Clear,121.32,Free,
7TJ3P43DA05,Eco-Friendly Dental Floss, GreenHome ,92910279-1, White,62.05,Free,
9X74U70YP76,Reusable Food Storage Containers, Nature's Way ,92910279-1, Clear,273.84,Free,
2G41RK5AM89,Glass Spray Bottle Set, Earthy Essentials ,92910279-1, Clear,7.78,Free,
2PG0VP6XN22,Bamboo Bathtub Tray, PureBamboo ,92910279-1, Natural,214.42,M,
9GH0U79HG66,Natural Fiber Dishcloth Set, Earthy Essentials ,92910279-1, Beige,196.77,Free,
6R31D53AQ14,Bamboo Clothes Drying Rack, PureBamboo ,92910279-1, Natural,76.4,Free,
4E80AQ2RY02,Stainless Steel Salad Spinner, EcoLiving ,92910279-1, Silver,238.85,Free,
8G91U37YX34,Eco-Friendly Reusable Cups, GreenHome ,92910279-1, White,130.32,Free,
2V04W00VP74,Organic Cotton Dish Towel Set, GreenHome ,92910279-1, White,238.53,Free,
8KF3W63XT06,Stainless Steel Drinking Bottle, Sustainable Solutions ,92910279-1, Silver,287.91,Free,
3F69E32TG10,Bamboo Utensil Set, PureBamboo ,92910279-1, Natural,317.11,Free,
9CJ1Y13XC43,Reusable Silicone Stretch Lids, GreenHome ,92910279-1, Multicolor,197.77,Free,
9E26TM8WE61,Glass Meal Prep Bowl Set, Nature's Way ,92910279-1, Clear,120.45,Free,
3N65UG9YV09,Stainless Steel Measuring Spoon Set, Earthy Essentials ,92910279-1, Silver,278.17,Free,
5J29RW9EP00,Eco-Friendly Silicone Food Storage Bags, Organic Choice ,92910279-1, Clear,153.21,XL,
5MV2R75NY36,Wooden Utensil Set, Organic Choice ,92910279-1, Brown,20.87,Free,
9QT3A43CX65,Reusable Glass Drinking Straws, EcoLiving ,92910279-1, Clear,74.23,Free,
3KV3WC0CU51,Bamboo Drawer Organizer Tray, PureBamboo ,92910279-1, Natural,245.33,M,
4TY8N90CV29,Stainless Steel Food Storage Containers, Nature's Way ,92910279-1, Silver,316.06,L,
4DA6GQ9DN85,Eco-Friendly Laundry Detergent, Earthy Essentials ,92910279-1, White,75.14,Free,
2TX1M14AH75,Glass Storage Container Set, Nature's Way ,92910279-1, Clear,98.29,Free,
6H44E65GN69,Natural Fiber Laundry Hamper, Nature's Way ,92910279-1, Beige,92.53,L,
6D40W17PE94,Stainless Steel Kitchen Canister Set, Nature's Way ,92910279-1, Silver,77.82,Free,
8MM7MP4PW79,Bamboo Toothbrush Holder, PureBamboo ,92910279-1, Natural,176.84,S,
6A24FN8QP00,Glass Water Bottle with Silicone Sleeve, GreenHome ,92910279-1, Clear,30.73,Free,
