customer_id,first_name,last_name,email,password,mobile,membership,caddress_id,gender,age
01HQP4D6EPK4PAV4YMVS21GX2V,Carlynne,Chasteney,cchasteney0@ft.com,xS2|+~%_Ib8}Uoc,870-431-1480,Yes,A01HQP4D6EPK4PAV4YMVS21GX2V,Male,54
01HQP4D6ET6MQRS9KMWDM703P7,Jana,Harsnep,jharsnep1@oaic.gov.au,pV8{vwF~R8X,392-729-7575,No,A01HQP4D6ET6MQRS9KMWDM703P7,Male,36
01HQP4D6EY8KQN0752H4ECNKNP,Fanchon,Pods,fpods2@nature.com,zT2=9\=?(~sGsH,544-968-4101,No,A01HQP4D6EY8KQN0752H4ECNKNP,Male,22
01HQP4D6F1FXNC74SFQQ7ZGQ9D,Lyndsie,Grieveson,lgrieveson3@time.com,bR8}`h$_%aRUdZv,840-865-6541,No,A01HQP4D6F1FXNC74SFQQ7ZGQ9D,Female,44
01HQP4D6F3GARG3KX245M4PPQV,Sander,Edworthie,sedworthie4@indiegogo.com,"hS1|x*z\Xw)""%a",972-242-6844,No,A01HQP4D6F3GARG3KX245M4PPQV,Male,56
01HQP4D6F6ZPPAN4N3V2ZQ8F57,Annamaria,Acheson,aacheson5@dropbox.com,"zW8&a,M%26$",731-193-8955,Yes,A01HQP4D6F6ZPPAN4N3V2ZQ8F57,Female,39
01HQP4D6F9N1GXR5ZRXN0XNMC3,Tiff,Pietersma,tpietersma6@miibeian.gov.cn,"eO2,vMqsGL",312-394-2974,Yes,A01HQP4D6F9N1GXR5ZRXN0XNMC3,Female,32
01HQP4D6FCKXJHEP749D1GRP2M,Faber,Orrah,forrah7@hc360.com,jS8&AROuQ,660-272-6439,No,A01HQP4D6FCKXJHEP749D1GRP2M,Female,38
01HQP4D6FF6CX0GT0A03JE1T9E,Mab,Burder,mburder8@last.fm,cU8{bebH\uHC1,767-146-2228,Yes,A01HQP4D6FF6CX0GT0A03JE1T9E,Male,34
01HQP4D6FJEMVGS7WS8YWE6C54,Jobyna,Figg,jfigg9@smugmug.com,wN6>2b+jdJti#,852-407-5830,No,A01HQP4D6FJEMVGS7WS8YWE6C54,Male,40
01HQP4D6FMJNXQY9RDQ422XQ92,Ax,Rachuig,arachuiga@opera.com,pB9'/N$c+FW,404-428-8843,Yes,A01HQP4D6FMJNXQY9RDQ422XQ92,Female,51
01HQP4D6FQAZK7HVY6Z977F7R3,Chaunce,Charlet,ccharletb@constantcontact.com,"cP0)O<P?O0V,Rw~{",705-245-9049,No,A01HQP4D6FQAZK7HVY6Z977F7R3,Female,45
01HQP4D6FT82R95B43M7C64Y3Y,Pierrette,Hurd,phurdc@google.pl,pN2/|70k,810-211-6586,Yes,A01HQP4D6FT82R95B43M7C64Y3Y,Female,31
01HQP4D6FXP31471V7T0SJK30N,Dallas,Jagels,djagelsd@cam.ac.uk,dW1/*iKak)LUx,883-550-1661,No,A01HQP4D6FXP31471V7T0SJK30N,Male,52
01HQP4D6FZH084M1Y5DZ77XRB5,Ferdinand,Bletsor,fbletsore@ning.com,kG7(iC@y,236-548-7019,No,A01HQP4D6FZH084M1Y5DZ77XRB5,Female,36
01HQP4D6G2VMDVDTYDAGPB5Z03,Eleanora,Felce,efelcef@goo.gl,"nI5""3W5f,A}h",279-873-1667,No,A01HQP4D6G2VMDVDTYDAGPB5Z03,Male,33
01HQP4D6G3RMM1NGN0HQMVJ8WC,Kimmi,Mouton,kmoutong@prweb.com,pH0{%Mr}vtN,511-483-1924,Yes,A01HQP4D6G3RMM1NGN0HQMVJ8WC,Female,38
01HQP4D6G4CZ2Z5B0R1WEPRX7T,Karlik,McMurthy,kmcmurthyh@joomla.org,cF6#tZbi,434-757-3639,No,A01HQP4D6G4CZ2Z5B0R1WEPRX7T,Male,42
01HQP4D6G5A1NX4A9Q3YF0C7T7,Agnese,Filshin,afilshini@economist.com,"lU5%""HVrx$qg3r",340-373-1005,Yes,A01HQP4D6G5A1NX4A9Q3YF0C7T7,Male,42
01HQP4D6G63QYFEPS3ZG06VKXA,Easter,Gammie,egammiej@economist.com,zR8_)#SLv'(8)Tz,130-176-6248,Yes,A01HQP4D6G63QYFEPS3ZG06VKXA,Male,23
01HQP4D6G7BS6MTXNB04HDMRSH,Cassandra,Zanini,czaninik@discovery.com,"mH8%EaU8,",611-397-3117,No,A01HQP4D6G7BS6MTXNB04HDMRSH,Male,42
01HQP4D6G89VRB9JW4W2ZE1K0T,Bobbette,Ovell,bovelll@hhs.gov,zL8+a/<jc25,874-921-2742,Yes,A01HQP4D6G89VRB9JW4W2ZE1K0T,Female,42
01HQP4D6G97HT7QDVZRK448ZVS,Fannie,Johannes,fjohannesm@storify.com,yK1.gX\',298-129-0203,No,A01HQP4D6G97HT7QDVZRK448ZVS,Male,38
01HQP4D6GBVATM75E4CEPE073P,Bettina,Andreone,bandreonen@behance.net,kC2/@(Y~FPQ,254-535-2140,No,A01HQP4D6GBVATM75E4CEPE073P,Male,49
01HQP4D6GC0SMN3P7WTA7ZYV51,Alie,Kempton,akemptono@imdb.com,yO7~(1mEp#S,244-199-5348,Yes,A01HQP4D6GC0SMN3P7WTA7ZYV51,Male,41
01HQP4D6GDV96PKC2B4EYHFMMD,Farlie,Golt,fgoltp@wunderground.com,hL5@4H&a07fb@r,248-596-5055,Yes,A01HQP4D6GDV96PKC2B4EYHFMMD,Male,18
01HQP4D6GE7Q8Z98BEXSFA9FSE,Toby,Iannello,tiannelloq@parallels.com,cA1$eE&&M~Fx6,834-890-4055,Yes,A01HQP4D6GE7Q8Z98BEXSFA9FSE,Female,15
01HQP4D6GFYMC3S7FHBTKQ7782,Matt,Ceyssen,mceyssenr@macromedia.com,yC9*d@VYN$l,569-669-5264,Yes,A01HQP4D6GFYMC3S7FHBTKQ7782,Female,65
01HQP4D6GG30SGNVY3MQV665YE,Randie,Loudyan,rloudyans@aol.com,fL9~&%ZkG)R,198-150-5019,No,A01HQP4D6GG30SGNVY3MQV665YE,Male,54
01HQP4D6GHY9MX7VVKBV4FT80C,Maison,Toderini,mtoderinit@technorati.com,iV6~<Xpw<eb,688-718-2769,Yes,A01HQP4D6GHY9MX7VVKBV4FT80C,Female,41
01HQP4D6GJ4TC98G6ZQYSDF3S2,Kessia,Younie,kyounieu@nps.gov,"rU0""4./&Y,LXL<?L",317-344-3813,No,A01HQP4D6GJ4TC98G6ZQYSDF3S2,Male,31
01HQP4D5A9M1ESQ82FTN6A75F5,Nollie,Edwicke,nedwickev@opensource.org,fY0<6&J?mQ2a|*j,612-469-0606,No,A01HQP4D5A9M1ESQ82FTN6A75F5,Female,30
01HQP4D5ADG024W0B01ZJKGDWA,Bessie,Jerrolt,bjerroltw@histats.com,yM3_T7bL>,345-678-2313,Yes,A01HQP4D5ADG024W0B01ZJKGDWA,Male,49
01HQP4D5AF65KZWACSPRQ5DHPJ,Terencio,Vanlint,tvanlintx@amazonaws.com,gO1<SMXA{y0X#Y,812-638-5125,Yes,A01HQP4D5AF65KZWACSPRQ5DHPJ,Female,26
01HQP4D5AHJHKG757VFA61P6QY,Fidelia,Kinworthy,fkinworthyy@myspace.com,kI8!zrzWIaK,532-537-1118,No,A01HQP4D5AHJHKG757VFA61P6QY,Female,35
01HQP4D5AMWZ4JY5QG1YSDQ2AZ,Brittany,Erington,beringtonz@yandex.ru,iC6#S&.epf,285-840-9050,Yes,A01HQP4D5AMWZ4JY5QG1YSDQ2AZ,Male,48
01HQP4D5APNZYFP95MH9J9FZ3G,Norina,Gobourn,ngobourn10@pen.io,cZ6+dGNcfHg,378-196-2711,No,A01HQP4D5APNZYFP95MH9J9FZ3G,Male,24
01HQP4D5AS2VKW51ZF00REHH7Z,Brien,Bartlomieczak,bbartlomieczak11@live.com,lT5\@/g@T=BC,585-264-0685,Yes,A01HQP4D5AS2VKW51ZF00REHH7Z,Male,42
01HQP4D5AWK3CB9BMTXRKK1TNN,Lowe,Witcherley,lwitcherley12@oakley.com,fM3)Fp~HN,358-858-9604,No,A01HQP4D5AWK3CB9BMTXRKK1TNN,Male,55
01HQP4D5AYTGB7PHEDKGQDTRJD,Mariejeanne,McCunn,mmccunn13@tmall.com,yF7{WcHZiPubgJk_,654-364-3869,Yes,A01HQP4D5AYTGB7PHEDKGQDTRJD,Female,53
01HQP4D5B0KF36KNB8WY8D6RH1,Crin,Cartwight,ccartwight14@archive.org,cR9#36Y!,334-994-9067,No,A01HQP4D5B0KF36KNB8WY8D6RH1,Male,45
01HQP4D5B22RZ1SD5DETFBS47D,Rosalia,Roy,rroy15@tamu.edu,"hM6>#Z7,A3J+by""_",858-842-2696,Yes,A01HQP4D5B22RZ1SD5DETFBS47D,Female,15
01HQP4D5B4G0SYVH71DK8EMXVQ,Ruddie,Sager,rsager16@dmoz.org,"vA3&x}Z%U""$L(jp",253-273-6021,Yes,A01HQP4D5B4G0SYVH71DK8EMXVQ,Female,34
01HQP4D5B790HX5YT74RTVVCAD,Alberto,Breakwell,abreakwell17@gnu.org,vK6)\n#!tfi)aYV&,288-968-1839,No,A01HQP4D5B790HX5YT74RTVVCAD,Male,26
01HQP4D5B9WZXV40J2MHB1BAJK,Louis,Charer,lcharer18@tumblr.com,rH4.`uLignK,663-433-9654,No,A01HQP4D5B9WZXV40J2MHB1BAJK,Male,37
01HQP4D5BBN3NGPYNKJ92GKPDN,Reuben,Forker,rforker19@sitemeter.com,aL3'AubB,812-300-7837,Yes,A01HQP4D5BBN3NGPYNKJ92GKPDN,Male,31
01HQP4D5BD6JG72TSRRDYQ5ZZN,Seymour,Geerling,sgeerling1a@npr.org,aK6&I<lx0zq)B,136-324-1502,No,A01HQP4D5BD6JG72TSRRDYQ5ZZN,Male,15
01HQP4D5BF68E5KBK27ABBX044,Broddie,Torres,btorres1b@adobe.com,"tF0$4O2fP""C{lB",720-516-3005,Yes,A01HQP4D5BF68E5KBK27ABBX044,Female,39
01HQP4D5BJ4SFJXZ0TAEJJ2VN2,Liz,Gettens,lgettens1c@istockphoto.com,zN2*s_P5z=D>9,749-589-6373,No,A01HQP4D5BJ4SFJXZ0TAEJJ2VN2,Male,19
01HQP4D5BMCSVFR2B8B199C496,Corliss,Goldney,cgoldney1d@discovery.com,"lU9_yfo7UnwE~V,`",166-860-6656,Yes,A01HQP4D5BMCSVFR2B8B199C496,Male,23
01HQP4D5BPW0Z298H66W0HC8Z8,Ron,Habbin,rhabbin1e@purevolume.com,"bD8?R\,qg>1",974-769-0402,Yes,A01HQP4D5BPW0Z298H66W0HC8Z8,Female,50
01HQP4D5BSWFHK45MM2PYVQXVE,Jarret,Self,jself1f@hubpages.com,fF0{.2f>`A8`,283-798-4669,Yes,A01HQP4D5BSWFHK45MM2PYVQXVE,Male,45
01HQP4D5BV1M902CXNZ1HZHSP8,Annabela,Rozzell,arozzell1g@ihg.com,"aG8_@ke!Uf~F""o",920-522-3545,Yes,A01HQP4D5BV1M902CXNZ1HZHSP8,Male,27
01HQP4D5BXW9BBGA3JM7A6XFND,Abra,Haggarth,ahaggarth1h@flavors.me,oB5|J?U!@Wp,404-269-1805,Yes,A01HQP4D5BXW9BBGA3JM7A6XFND,Male,49
01HQP4D5BZDQ70F7R1MDAPHC0R,Willyt,Leming,wleming1i@arstechnica.com,"hM9_9{!/x/8""ra",655-359-1352,Yes,A01HQP4D5BZDQ70F7R1MDAPHC0R,Male,50
01HQP4D5C1Q5ZN82ZNG61HJ70R,Genni,Waud,gwaud1j@livejournal.com,uL0'e'EM&Ss,662-934-7480,No,A01HQP4D5C1Q5ZN82ZNG61HJ70R,Female,41
01HQP4D5C345NKY1ZA0R30Y9KY,Yettie,Antonignetti,yantonignetti1k@icq.com,jX3_oO#+hg!0{s\,914-544-0627,No,A01HQP4D5C345NKY1ZA0R30Y9KY,Female,63
01HQP4D5C5FE93K9PMJKD538R5,Ronica,Majury,rmajury1l@cyberchimps.com,"wI1*~Be,.664",627-945-8674,No,A01HQP4D5C5FE93K9PMJKD538R5,Male,46
01HQP4D5C6MRRXB3V77YZR1DM1,Beitris,Basten,bbasten1m@businesswire.com,eM4_012B#n,467-729-5255,No,A01HQP4D5C6MRRXB3V77YZR1DM1,Female,54
01HQP4D5C8HK57CP3AK3C3DZXP,Annetta,Kloster,akloster1n@1und1.de,"dI4(+I1XLHY0F%"">",499-791-9377,Yes,A01HQP4D5C8HK57CP3AK3C3DZXP,Male,36
01HQP4D5CAAB7844AM7220VCRT,Tildy,Keast,tkeast1o@rambler.ru,nE5~K2X\0X#B$,187-992-6352,No,A01HQP4D5CAAB7844AM7220VCRT,Male,30
01HQP4D5CB7TKHQ6DT4YQW4VC9,Alwyn,Lugden,alugden1p@statcounter.com,"nO9)I3,j/z+k+",560-497-5108,Yes,A01HQP4D5CB7TKHQ6DT4YQW4VC9,Female,63
01HQP4D4VXJCQKA77NV3FBQ91D,Wittie,Gouny,wgouny1q@webs.com,vJ9~@V6YN,650-625-9135,No,A01HQP4D4VXJCQKA77NV3FBQ91D,Female,43
01HQP4D4VY8TA81C6MCW4QW07Q,Kylie,Reicherz,kreicherz1r@clickbank.net,bJ3`%ZffCYZ,998-906-2293,Yes,A01HQP4D4VY8TA81C6MCW4QW07Q,Male,27
01HQP4D4VZM5840N01SRATT8Q1,Christiano,Edgley,cedgley1s@drupal.org,aH6(QA<c&8?2,597-335-8004,No,A01HQP4D4VZM5840N01SRATT8Q1,Male,33
01HQP4D4W0Q1WP9Y4KCNNTFKBP,Lydie,McSwan,lmcswan1t@goo.ne.jp,zS2.f&|qvd>KV,336-837-7763,No,A01HQP4D4W0Q1WP9Y4KCNNTFKBP,Female,16
01HQP4D4W1717GNJB6FMF5B5MG,Ruy,Sumner,rsumner1u@facebook.com,vD8!%?0?%E58,814-449-5887,Yes,A01HQP4D4W1717GNJB6FMF5B5MG,Male,43
01HQP4D4W2W05172CPX33A26PT,Patience,Goldring,pgoldring1v@booking.com,pS1(9zgo3kz*hQG,321-697-4662,Yes,A01HQP4D4W2W05172CPX33A26PT,Male,42
01HQP4D4W3H22QXDPSVE45PZ70,Ralf,MacColm,rmaccolm1w@nydailynews.com,xQ2{=cjJQBM4,362-985-8395,No,A01HQP4D4W3H22QXDPSVE45PZ70,Male,54
01HQP4D4W4DFAQQFX2HK550EQ1,Maryann,Serjeant,mserjeant1x@ihg.com,"mW6""t""Ewad!bR",706-221-2992,No,A01HQP4D4W4DFAQQFX2HK550EQ1,Male,43
01HQP4D4W5NBZTKMEYGET2JK6K,Nolly,Trustey,ntrustey1y@nationalgeographic.com,xC2/40?i0o6,953-249-5154,Yes,A01HQP4D4W5NBZTKMEYGET2JK6K,Female,50
01HQP4D4W7MJ82GGE9T859HX1S,Harcourt,Yellowlea,hyellowlea1z@rakuten.co.jp,sN4!\BNvIg,987-739-3924,No,A01HQP4D4W7MJ82GGE9T859HX1S,Male,32
01HQP4D4W74P7GXCD6DM43GNNF,Gabey,Stolle,gstolle20@addtoany.com,wM5|\z(Rd,779-337-8937,Yes,A01HQP4D4W74P7GXCD6DM43GNNF,Male,30
01HQP4D4W9KK9P1EG5PC1M9FX5,Corabella,Champe,cchampe21@noaa.gov,xE1}jvxKk'Rf=,796-935-4004,Yes,A01HQP4D4W9KK9P1EG5PC1M9FX5,Male,36
01HQP4D4WASZFK6MCMFMWJCHDR,Maud,Enticknap,menticknap22@marketwatch.com,jJ3.LmY|o>O,299-804-0436,No,A01HQP4D4WASZFK6MCMFMWJCHDR,Male,65
01HQP4D4WBFHB5AW91SPZK8KB6,Aleksandr,McBrady,amcbrady23@ustream.tv,qF7\$LD$(Vb0,387-553-9454,No,A01HQP4D4WBFHB5AW91SPZK8KB6,Female,36
01HQP4D4WC58BHP4B380RV10S1,Artemus,Neilan,aneilan24@skype.com,mO5&$'%ciHQg=M},680-870-0329,Yes,A01HQP4D4WC58BHP4B380RV10S1,Female,45
01HQP4D4WD79XWR77CF0W96ENH,Silvanus,Kendall,skendall25@umn.edu,tF2+i2&#NG5A,555-576-0436,Yes,A01HQP4D4WD79XWR77CF0W96ENH,Male,24
01HQP4D4WEVR0VZ4HCREKMMAA3,Jana,Courtliff,jcourtliff26@sciencedirect.com,"kA3$nHN,B4gCdYY",813-369-5406,No,A01HQP4D4WEVR0VZ4HCREKMMAA3,Female,44
01HQP4D4WF2HE0BAMZ3KWS24JC,Port,Ricarde,pricarde27@smh.com.au,fZ0#YHGfLe9AV,971-962-8410,Yes,A01HQP4D4WF2HE0BAMZ3KWS24JC,Female,61
01HQP4D4WG8FYV5YRKJW244DD5,Jeff,Polin,jpolin28@webs.com,"pV5""y`6e=",625-549-4986,No,A01HQP4D4WG8FYV5YRKJW244DD5,Female,35
01HQP4D4WHRJ3TD69YPF24PJDJ,Shannan,Kemitt,skemitt29@mayoclinic.com,wK6'Q>PG,514-210-5624,No,A01HQP4D4WHRJ3TD69YPF24PJDJ,Female,56
01HQP4D4WJA58B23DAWVK53JC8,Tuesday,Sheilds,tsheilds2a@sohu.com,wE5?RuJ.UA,200-131-6391,Yes,A01HQP4D4WJA58B23DAWVK53JC8,Male,28
01HQP4D4WKJ40YBMQH498FTGGW,Georgeanna,Garioch,ggarioch2b@unc.edu,hK9\#a\fe,539-888-5893,Yes,A01HQP4D4WKJ40YBMQH498FTGGW,Female,28
01HQP4D4WMR9H5BCVJ0GJ3H1DG,Roxy,Rawkesby,rrawkesby2c@forbes.com,"mG4""AsCiv'tg",959-802-1382,Yes,A01HQP4D4WMR9H5BCVJ0GJ3H1DG,Female,29
01HQP4D4WN4HFX80CVG90JNDJ7,Zack,Macauley,zmacauley2d@macromedia.com,pF9(J2#l\@,848-239-9924,Yes,A01HQP4D4WN4HFX80CVG90JNDJ7,Female,18
01HQP4D4WPEJ0ZFF4JPY6NPMDZ,Somerset,Climo,sclimo2e@pbs.org,lF0)dG`1L,499-721-5442,No,A01HQP4D4WPEJ0ZFF4JPY6NPMDZ,Male,32
01HQP4D4WQ0BNCPCZ9VTXSX17N,Arte,Briggdale,abriggdale2f@indiatimes.com,"jE8""Put1Y_$F{_m1",111-512-9944,Yes,A01HQP4D4WQ0BNCPCZ9VTXSX17N,Male,65
01HQP4D4WRK64KA7SHGZZRW84C,Calhoun,Feltoe,cfeltoe2g@usa.gov,"dJ3#qWjv2=),C",571-788-2423,No,A01HQP4D4WRK64KA7SHGZZRW84C,Female,36
01HQP4D4WSKM7HRK76MS8QETW0,Eward,Goutcher,egoutcher2h@google.de,fN5&jx6v)oe!%h,322-614-2832,Yes,A01HQP4D4WSKM7HRK76MS8QETW0,Male,61
01HQP4D4WT09Y4T38H5ZHGGAVE,Lowrance,Marre,lmarre2i@t.co,mF6`L{\R,176-212-3056,Yes,A01HQP4D4WT09Y4T38H5ZHGGAVE,Female,42
01HQP4D4WV9F9WEP9ZWPVMTHN6,Francklin,Spraging,fspraging2j@issuu.com,tM3\A/CYn<,587-267-3320,No,A01HQP4D4WV9F9WEP9ZWPVMTHN6,Female,36
01HQP4D4WWC28BH5WV1J69VGT8,Kenna,Phippen,kphippen2k@soundcloud.com,aF6|2%l.i,172-707-2742,No,A01HQP4D4WWC28BH5WV1J69VGT8,Male,45
01HQP4D6JF6C0KA90XZC1NKHVK,Tandy,Pardoe,tpardoe2l@blogs.com,bT5~{ck9w#0{bGo,644-481-4327,Yes,A01HQP4D6JF6C0KA90XZC1NKHVK,Female,28
01HQP4D6JMNQSQ6FWYZYTRDFQX,Haleigh,Brassington,hbrassington2m@icio.us,xX6{6eR`MO,826-833-5378,Yes,A01HQP4D6JMNQSQ6FWYZYTRDFQX,Female,57
01HQP4D6JQ1P4ZBB439CHS05X1,Rivy,Vesco,rvesco2n@chron.com,oQ5%5e>7NjH2O~X,297-561-8889,No,A01HQP4D6JQ1P4ZBB439CHS05X1,Male,23
01HQP4D6JTJKZ6593PWYDC32WE,Sela,Anthoney,santhoney2o@blinklist.com,"bC6,w5Ra4l6z(+",551-322-5459,No,A01HQP4D6JTJKZ6593PWYDC32WE,Male,52
01HQP4D6JY5DEM2G87HPVTPTT1,Rollie,Inston,rinston2p@privacy.gov.au,zL3#*9HXo#KUJ}>T,307-678-2488,Yes,A01HQP4D6JY5DEM2G87HPVTPTT1,Female,44
01HQP4D6K19HXRGW04M88F7PXZ,Fey,Venditto,fvenditto2q@devhub.com,bF0~XO`Jxw.pK{,277-406-3180,Yes,A01HQP4D6K19HXRGW04M88F7PXZ,Male,42
01HQP4D6K568RC7GT44ETJX5GE,Taddeo,Tegeller,ttegeller2r@youtu.be,vK9{<e4Jmr2h=k,204-884-6153,Yes,A01HQP4D6K568RC7GT44ETJX5GE,Male,51
01HQP4D6K8C8QB3BF9EG5T834W,Florencia,Caccavari,fcaccavari2s@icio.us,uC4|G@BD'JECxTk),264-249-5599,No,A01HQP4D6K8C8QB3BF9EG5T834W,Male,27
01HQP4D6KCVMTK079T42ARQEW4,Florian,Longhorne,flonghorne2t@comcast.net,mI0%X7AC8?`2R,911-154-5761,No,A01HQP4D6KCVMTK079T42ARQEW4,Female,22
01HQP4D6KFXR9YM3H2AXDT789Y,Wilhelmina,Tattersill,wtattersill2u@bigcartel.com,wY7@AGAlYDzt/Xy,126-932-2245,No,A01HQP4D6KFXR9YM3H2AXDT789Y,Female,36
01HQP4D6KJVY9S43CCTP25C8R0,Layla,Damrell,ldamrell2v@ovh.net,pS4\OF?_kJa@>Q,702-648-6227,Yes,A01HQP4D6KJVY9S43CCTP25C8R0,Male,58
01HQP4D6KM454M1ASC2ZHYHG2X,Elsy,Hayland,ehayland2w@cpanel.net,nE7!R=#\,563-196-5878,No,A01HQP4D6KM454M1ASC2ZHYHG2X,Female,49
01HQP4D6KPQV8N13B9NX37PZ7V,Rosaleen,McCrostie,rmccrostie2x@barnesandnoble.com,aM9$!Nh'U,721-673-1069,No,A01HQP4D6KPQV8N13B9NX37PZ7V,Female,65
01HQP4D6KR0QB0H3V39T7SCX3Y,Ashleigh,Atyea,aatyea2y@stanford.edu,oY2}lM@=>v,493-850-4280,No,A01HQP4D6KR0QB0H3V39T7SCX3Y,Male,25
01HQP4D6KSDS578MN2SP5MFB2C,Rahel,Parham,rparham2z@gov.uk,rH9$?!NV*mg,308-141-8753,Yes,A01HQP4D6KSDS578MN2SP5MFB2C,Male,42
01HQP4D6KWAFXXZ9KW80KADWNW,Freddie,McKeating,fmckeating30@wikispaces.com,lE1`j!gRpO!<8,993-406-5014,Yes,A01HQP4D6KWAFXXZ9KW80KADWNW,Male,65
01HQP4D6KY2CW66JYK1G4J5S75,Nap,Johnsey,njohnsey31@arstechnica.com,mR6/<%Vz,731-683-8709,Yes,A01HQP4D6KY2CW66JYK1G4J5S75,Female,40
01HQP4D6M0Y1P41C7KABS57VHD,Trevar,Adne,tadne32@paypal.com,yR8/JXGG<5,302-505-3684,No,A01HQP4D6M0Y1P41C7KABS57VHD,Female,53
01HQP4D6M1JHD284JS4XVDBCGX,Murray,Courtenay,mcourtenay33@free.fr,vC5}'F@>BZfAf%_q,171-798-5970,Yes,A01HQP4D6M1JHD284JS4XVDBCGX,Female,53
01HQP4D6M31JPWW71HPDEYZMDM,Elnora,Wincer,ewincer34@desdev.cn,jA7\&MQ\r%,254-991-6499,No,A01HQP4D6M31JPWW71HPDEYZMDM,Female,64
01HQP4D6M5N0XP4R9NZZJAF5R5,Chryste,Siebart,csiebart35@wordpress.org,dO1|~4*62#}HM<Gl,421-789-2013,No,A01HQP4D6M5N0XP4R9NZZJAF5R5,Male,41
01HQP4D6M6DJY0N0FK8DN55SY2,Letti,Hackney,lhackney36@cbsnews.com,pU3\jC5oYAom|,206-109-9219,Yes,A01HQP4D6M6DJY0N0FK8DN55SY2,Male,58
01HQP4D6M89EEBBXVCCQCAW54D,Cornell,Farrant,cfarrant37@cbsnews.com,bL6{Z9~}Q}NYS,959-264-1885,Yes,A01HQP4D6M89EEBBXVCCQCAW54D,Female,15
01HQP4D6MG6QDG2XSRC9SXE70B,Adolphus,Tabor,atabor38@whitehouse.gov,lY9{8{2LcjhX$`s,745-622-1459,Yes,A01HQP4D6MG6QDG2XSRC9SXE70B,Female,29
01HQP4D6MJNSCDJRD23M7A3532,Joaquin,Causton,jcauston39@delicious.com,qF8)DvYgd0W,403-293-8116,No,A01HQP4D6MJNSCDJRD23M7A3532,Female,41
01HQP4D6MK3BN93ECJQ8E7K4RS,Yasmin,Dumper,ydumper3a@ftc.gov,gY5<1O|?O<,628-918-3641,Yes,A01HQP4D6MK3BN93ECJQ8E7K4RS,Male,31
01HQP4D6MNYY20GXV58A6D6GJW,Daveen,Vedenichev,dvedenichev3b@shareasale.com,"kI2/U3""Bk8gUIJY.",713-882-0428,Yes,A01HQP4D6MNYY20GXV58A6D6GJW,Female,43
01HQP4D6MQJYMEWE8YT3TRZVBX,Andra,Breffit,abreffit3c@cnet.com,vK5\'__CdT,407-484-3425,No,A01HQP4D6MQJYMEWE8YT3TRZVBX,Male,15
01HQP4D6MR8QKN37ND0CSF3XSB,Morganica,Culmer,mculmer3d@tripod.com,sA9!Pd4},691-471-7346,Yes,A01HQP4D6MR8QKN37ND0CSF3XSB,Female,48
01HQP4D6MTJF3NN7HMVBR9KNM0,Wini,Farlow,wfarlow3e@furl.net,yG0=gDaTi,883-747-2506,No,A01HQP4D6MTJF3NN7HMVBR9KNM0,Male,33
01HQP4D6MVQP06D5BCM6FADF4Q,Jerry,Wloch,jwloch3f@nyu.edu,lL3?3`xUK,364-251-2872,No,A01HQP4D6MVQP06D5BCM6FADF4Q,Male,33
01HQP4D6P0Z88ZPEGAV6CZZ8Z5,Lucina,Greenman,lgreenman3g@upenn.edu,jR7!1r<(9,450-384-9960,Yes,A01HQP4D6P0Z88ZPEGAV6CZZ8Z5,Male,38
01HQP4D6P2HCRXRTFMB2Y778DC,Camel,Caghy,ccaghy3h@weebly.com,cX9~)R#\,463-904-7320,No,A01HQP4D6P2HCRXRTFMB2Y778DC,Female,31
01HQP4D6P4NPDXRNPWZJWSP8K4,Row,Mildmott,rmildmott3i@adobe.com,wK8`yn8Va,785-147-9119,Yes,A01HQP4D6P4NPDXRNPWZJWSP8K4,Female,15
01HQP4D6P5WBMB22JXPW1FXS80,Sarina,Nenci,snenci3j@mail.ru,jS5|Oewf~,381-302-2119,No,A01HQP4D6P5WBMB22JXPW1FXS80,Male,49
01HQP4D6P7W40W0GW86W2YWJ8M,Alf,Decruse,adecruse3k@cnbc.com,oI7\kp~wE9,884-735-9480,Yes,A01HQP4D6P7W40W0GW86W2YWJ8M,Male,40
01HQP4D6P93RM5QBTJQ649Z1M9,Malanie,Basset,mbasset3l@ycombinator.com,aU1'gg9.4_SXeU,532-788-9572,Yes,A01HQP4D6P93RM5QBTJQ649Z1M9,Male,15
01HQP4D6PF2Q2V7C9HCXEHXGV7,Florina,Lamey,flamey3m@topsy.com,eD9<B.Eh,132-625-4358,No,A01HQP4D6PF2Q2V7C9HCXEHXGV7,Female,57
01HQP4D6PHYV1NQ1XVZE9NSMSE,Krista,Fazan,kfazan3n@e-recht24.de,tC8}\aptJedMcBi,728-934-2751,Yes,A01HQP4D6PHYV1NQ1XVZE9NSMSE,Male,30
01HQP4D6PK41GC568FNYH0HD7H,Wilmer,Doctor,wdoctor3o@census.gov,rW1~d_?&?,773-394-6219,Yes,A01HQP4D6PK41GC568FNYH0HD7H,Female,43
01HQP4D6PMTV5B8EJWQEWV1Y7V,Odie,Syddon,osyddon3p@unc.edu,yS3?dMU4DhP,530-214-8661,Yes,A01HQP4D6PMTV5B8EJWQEWV1Y7V,Female,44
01HQP4D6PPBEXTSZPKWH64AYTT,Ado,Dales,adales3q@com.com,aZ4`_J4=,619-726-7663,Yes,A01HQP4D6PPBEXTSZPKWH64AYTT,Female,24
01HQP4D6PR18JT16051Y0PHSNN,Dania,Krollmann,dkrollmann3r@fema.gov,zT4>~QM(hnuPmO,386-834-2010,Yes,A01HQP4D6PR18JT16051Y0PHSNN,Female,17
01HQP4D6PWK3AEGXMJC74W36C6,Abigail,Oris,aoris3s@epa.gov,qV4~D~`KD9)?=,915-605-1755,No,A01HQP4D6PWK3AEGXMJC74W36C6,Female,63
01HQP4D6PYA2F0A1EZRM9CTFN8,Germain,Pantone,gpantone3t@myspace.com,pR9~@m6s36,638-203-1787,No,A01HQP4D6PYA2F0A1EZRM9CTFN8,Female,65
01HQP4D6PZNPS3B58RNHY06J7Y,Tiffi,Gally,tgally3u@flavors.me,qC7}$KFI<*&GN#,865-489-4642,Yes,A01HQP4D6PZNPS3B58RNHY06J7Y,Female,49
01HQP4D6Q1GPAVF878R0AK6CMX,Giulia,Batt,gbatt3v@163.com,"bX1&`N0ge,qZ43R.",255-264-4427,No,A01HQP4D6Q1GPAVF878R0AK6CMX,Male,42
01HQP4D6Q2668QNQZEHKB4YVW8,Katti,Eneas,keneas3w@cpanel.net,"kV6}n7pK,",922-613-5411,Yes,A01HQP4D6Q2668QNQZEHKB4YVW8,Female,42
01HQP4D6Q48A6JB99DVVEYGWBQ,Krissie,Clohissy,kclohissy3x@vinaora.com,aR7!Vt=o<8&6scm,544-967-6017,Yes,A01HQP4D6Q48A6JB99DVVEYGWBQ,Female,45
01HQP4D6Q6B2MT1KEZV1SN7MJM,Jobi,Whitefoot,jwhitefoot3y@wp.com,mP8<uzfM,309-855-4927,No,A01HQP4D6Q6B2MT1KEZV1SN7MJM,Female,36
01HQP4D6Q7JA9HNFVEFFVH8S3R,Michail,Pearmine,mpearmine3z@wisc.edu,"nH7,i'""8YL",279-884-9465,Yes,A01HQP4D6Q7JA9HNFVEFFVH8S3R,Male,56
01HQP4D6Q9M38Q7XWCW1E8MH3Z,Antons,Lethcoe,alethcoe40@wired.com,pW7}8|>DkqQ\A(=,171-284-8387,No,A01HQP4D6Q9M38Q7XWCW1E8MH3Z,Female,50
01HQP4D6QAR0FJ1J773NFRK3TC,Rowland,Belbin,rbelbin41@wired.com,aF8\~5G3,259-624-1725,No,A01HQP4D6QAR0FJ1J773NFRK3TC,Female,31
01HQP4D6QCVYC8C5YEGSZD8WF1,Erminia,Bangley,ebangley42@miibeian.gov.cn,xX5!KpZ&TtWnn,714-806-6976,No,A01HQP4D6QCVYC8C5YEGSZD8WF1,Female,42
01HQP4D6QDTH1N8S7NHYD1G2S7,Cole,Imlin,cimlin43@ucsd.edu,nP5%S}\n+Azfjx,845-133-0845,No,A01HQP4D6QDTH1N8S7NHYD1G2S7,Male,41
01HQP4D6QFJ07JFR8FV3YHXJWG,Wallis,Wyburn,wwyburn44@tmall.com,aH3_?'L!b=otN}{W,669-996-3707,No,A01HQP4D6QFJ07JFR8FV3YHXJWG,Female,41
01HQP4D6QG7WSNWEBFZS6GHGFB,Walliw,Luscott,wluscott45@ftc.gov,bQ2?VsKx|',934-465-8471,No,A01HQP4D6QG7WSNWEBFZS6GHGFB,Female,55
01HQP4D6QJX1QXBMPQHVM7DCAW,Benoite,McKinney,bmckinney46@bbc.co.uk,kY5@TmHs4Ao,110-804-0067,Yes,A01HQP4D6QJX1QXBMPQHVM7DCAW,Male,32
01HQP4D6QKRR046CBBFNFZA5NR,Jamil,Everton,jeverton47@phpbb.com,"iQ8(DjD5F?,G",361-678-3621,Yes,A01HQP4D6QKRR046CBBFNFZA5NR,Female,49
01HQP4D6QNN7MAY25SER5DJNR7,Temple,Micallef,tmicallef48@globo.com,wA4_fa_|Y#,645-724-7646,Yes,A01HQP4D6QNN7MAY25SER5DJNR7,Male,43
01HQP4D6QPZC5DVTN72QAZ7PQK,Gonzalo,Jermey,gjermey49@wordpress.org,pC9.>X(rT,586-921-7170,Yes,A01HQP4D6QPZC5DVTN72QAZ7PQK,Female,39
01HQP4D6QRRCZ480H655ENX9VS,Conrado,Meadway,cmeadway4a@phpbb.com,"eR6{*#,A_5+R""""",741-900-3548,No,A01HQP4D6QRRCZ480H655ENX9VS,Male,55
01HQP4D4KWJN8EV22YYYREK0R9,Ginnifer,Klaas,gklaas4b@elegantthemes.com,"sR3_d+/`""7R|e""KX",897-196-2209,No,A01HQP4D4KWJN8EV22YYYREK0R9,Male,42
01HQP4D4M0RFRS6AQGT047NA6Z,Marietta,Springell,mspringell4c@amazon.com,eS5&M~lN5}2K@1li,248-655-7823,Yes,A01HQP4D4M0RFRS6AQGT047NA6Z,Male,24
01HQP4D4M4BS462897896GE1TX,Giselle,Abeles,gabeles4d@cnbc.com,"gM1#""JR`/",936-166-9361,No,A01HQP4D4M4BS462897896GE1TX,Male,21
01HQP4D4M7HZVV7KW8WVVY0JJZ,Thalia,Arson,tarson4e@businessweek.com,tW4~7Bjyt,863-246-2002,Yes,A01HQP4D4M7HZVV7KW8WVVY0JJZ,Male,35
01HQP4D4MAJVHSJCFAABCZ2SAJ,Beck,Pratte,bpratte4f@livejournal.com,rM6#!5~gYnoD&*,253-435-2344,No,A01HQP4D4MAJVHSJCFAABCZ2SAJ,Male,29
01HQP4D4MDJ22C98KNN1KXP2FC,Willie,Jeaffreson,wjeaffreson4g@icq.com,yR0*/lyCwf+t@4G0,259-110-4174,Yes,A01HQP4D4MDJ22C98KNN1KXP2FC,Male,21
01HQP4D4ME57GNXNN4QM0RG1FC,Marthe,Adamini,madamini4h@uol.com.br,"dB7,39Kl#""FOT6",410-876-1734,Yes,A01HQP4D4ME57GNXNN4QM0RG1FC,Female,30
01HQP4D4MG9BTDRBZJXPMMCKZR,Gwendolyn,Hinners,ghinners4i@amazonaws.com,jA2&9t_%.T,983-773-6570,Yes,A01HQP4D4MG9BTDRBZJXPMMCKZR,Female,15
01HQP4D4MJ47MGZ929EYG391JR,Malanie,Etches,metches4j@archive.org,tA1~N_V7<+uP7,379-220-7221,Yes,A01HQP4D4MJ47MGZ929EYG391JR,Female,34
01HQP4D4MMTSY7TJXMS8T3XY9F,Agnella,MacRierie,amacrierie4k@upenn.edu,qS9/k@o8(#P6g,325-259-4777,Yes,A01HQP4D4MMTSY7TJXMS8T3XY9F,Male,35
01HQP4D4MNP8SY9DZ5C1Y6P509,Rolland,O'Heagertie,roheagertie4l@github.com,"fY8,a}bhu1u{r",393-441-3669,Yes,A01HQP4D4MNP8SY9DZ5C1Y6P509,Female,36
01HQP4D4MQ29SBEF8YQX93MF4C,Dallon,Ghent,dghent4m@mtv.com,aV4#MYGT},958-973-2886,Yes,A01HQP4D4MQ29SBEF8YQX93MF4C,Male,40
01HQP4D4MSY256KEFQSG3BTKSS,Iago,Greave,igreave4n@wikia.com,yD3/(SHe9>lHbL|',113-881-1074,Yes,A01HQP4D4MSY256KEFQSG3BTKSS,Male,45
01HQP4D4MV3T2RE094CYEXB2GK,Herman,Rustadge,hrustadge4o@scientificamerican.com,tD4}m&C<'z&lHPG,511-185-6013,Yes,A01HQP4D4MV3T2RE094CYEXB2GK,Female,33
01HQP4D4MWPEZXZN1NSQERHH18,Corilla,Stampfer,cstampfer4p@de.vu,sN9?3{BH.R,581-311-1879,No,A01HQP4D4MWPEZXZN1NSQERHH18,Male,44
01HQP4D4MY52KDVHSN3WJPM9R1,Hale,Keep,hkeep4q@go.com,oH0!t3nI3x6C,684-805-8436,Yes,A01HQP4D4MY52KDVHSN3WJPM9R1,Female,26
01HQP4D4N0MTZJXKCW4H9NGQ9B,Emilie,Lillistone,elillistone4r@chicagotribune.com,gD4#40Ip``{YEb,385-465-7320,No,A01HQP4D4N0MTZJXKCW4H9NGQ9B,Female,50
01HQP4D4N1Q2PAPXNDJ6VXBTAJ,Munmro,Pritchard,mpritchard4s@issuu.com,zG0%usg.!a(O,544-420-6627,No,A01HQP4D4N1Q2PAPXNDJ6VXBTAJ,Female,41
01HQP4D4N38YV7Y0DZ445A5521,Randi,Decourcy,rdecourcy4t@sfgate.com,"iE6)K,8M9_=!Z""{=",613-311-7352,No,A01HQP4D4N38YV7Y0DZ445A5521,Female,38
01HQP4D4N57P44SKWR6SQ8Q9HB,Mina,Phebey,mphebey4u@dedecms.com,"rS0)Ue(1X,I|O",508-173-0666,Yes,A01HQP4D4N57P44SKWR6SQ8Q9HB,Male,30
01HQP4D4N6YSZBB39DD8596DDA,Missy,Langstrath,mlangstrath4v@upenn.edu,lT0_sIpxZWX,766-953-3317,Yes,A01HQP4D4N6YSZBB39DD8596DDA,Male,65
01HQP4D4N8Z7G3QNS18HAK9MJP,Tonia,Rousell,trousell4w@china.com.cn,"pD1?ilON|C/,X5",456-440-0143,No,A01HQP4D4N8Z7G3QNS18HAK9MJP,Male,46
01HQP4D4NAAFN7M2M0MSAQVJXB,Lyell,Cordey,lcordey4x@marriott.com,"uX0""qSc~L%uZYHpL",871-584-4073,Yes,A01HQP4D4NAAFN7M2M0MSAQVJXB,Female,44
01HQP4D4NBPDCJZCRPKNDE5713,Christina,Brognot,cbrognot4y@newsvine.com,dE6#mX7S(9ORR|`,718-952-1128,Yes,A01HQP4D4NBPDCJZCRPKNDE5713,Female,15
01HQP4D4ND5DGQ95P9ZYWKAYPH,Alec,Maylam,amaylam4z@examiner.com,oR3'0U+.E}`Ud,903-833-0156,No,A01HQP4D4ND5DGQ95P9ZYWKAYPH,Female,15
01HQP4D4NF8C9Y92K5AF672ME7,Stern,Bog,sbog50@patch.com,pT2/s5/aTyWB,408-780-7425,No,A01HQP4D4NF8C9Y92K5AF672ME7,Female,39
01HQP4D4NGWCETR1RWR1VXM529,Berk,Daunter,bdaunter51@apache.org,"lX3,&A/_o.(",762-202-8685,Yes,A01HQP4D4NGWCETR1RWR1VXM529,Male,53
01HQP4D4NJRSFE84EX528YB4MF,Brandyn,Pavitt,bpavitt52@dailymotion.com,zO3{C*6v$,119-787-5821,Yes,A01HQP4D4NJRSFE84EX528YB4MF,Male,40
01HQP4D4NMFB1JZ8TPG7DS2S11,Delila,Bordiss,dbordiss53@friendfeed.com,aK2+M.N}Ni!,411-855-8981,Yes,A01HQP4D4NMFB1JZ8TPG7DS2S11,Male,25
01HQP4D4NP48QTBHG3J311TMC2,Jenica,Yurygyn,jyurygyn54@soundcloud.com,"iJ0)""8a(@",127-686-0148,No,A01HQP4D4NP48QTBHG3J311TMC2,Male,38
01HQP4D4NRDW1PXB9ECGZG0DVD,Waldon,McCurtain,wmccurtain55@cargocollective.com,rX8*GH7IPb5v1G8,691-388-2532,Yes,A01HQP4D4NRDW1PXB9ECGZG0DVD,Female,32
01HQP4D78TZCX81X42WB78345R,Lucho,White,lwhite56@booking.com,vG5=Vpv!/p1n,680-668-2087,No,A01HQP4D78TZCX81X42WB78345R,Female,43
01HQP4D78WKYWDEGCJE8SH61MC,Vivia,Lorence,vlorence57@ning.com,tT3}_c)I8RJip,878-322-1905,Yes,A01HQP4D78WKYWDEGCJE8SH61MC,Male,26
01HQP4D78XSA9AWKBD9EJH79WH,Hamil,Dawdary,hdawdary58@domainmarket.com,aO4#o!LMVF,497-237-2790,Yes,A01HQP4D78XSA9AWKBD9EJH79WH,Male,26
01HQP4D78ZXYGSBEC4REZB032Y,Berri,Corradetti,bcorradetti59@ask.com,yK1#&%}#|BX$o,886-523-2597,No,A01HQP4D78ZXYGSBEC4REZB032Y,Female,44
01HQP4D791TPC18S6BK5F1P1BW,Maggee,Ritchard,mritchard5a@hc360.com,"sZ6""U!Q#W5mB/\",320-722-0037,Yes,A01HQP4D791TPC18S6BK5F1P1BW,Female,54
01HQP4D792GTC7SCF65QYSTQ4E,Patti,Hennemann,phennemann5b@discuz.net,"kP9$@t2""SOSuzup>",279-647-4263,No,A01HQP4D792GTC7SCF65QYSTQ4E,Male,65
01HQP4D794Z3DR4KP7AWJTKVKX,Demott,Rushworth,drushworth5c@clickbank.net,gX8({QyX~7C\yDm%,919-527-0499,No,A01HQP4D794Z3DR4KP7AWJTKVKX,Male,44
01HQP4D795SKHXG9ACSF1V25E3,Claybourne,Sparshatt,csparshatt5d@amazon.co.uk,oP6_U+jc/l>/nzD,268-952-6848,Yes,A01HQP4D795SKHXG9ACSF1V25E3,Female,34
01HQP4D797T67TNM63NP3JP21X,Nita,Antonio,nantonio5e@squidoo.com,"jF8\v|.L`|,47x#3",747-528-8358,No,A01HQP4D797T67TNM63NP3JP21X,Female,18
01HQP4D798WSB8VNPPPHYSPHYY,Thane,Deniso,tdeniso5f@berkeley.edu,kE9(t$QKr~4,569-229-0644,Yes,A01HQP4D798WSB8VNPPPHYSPHYY,Male,27
01HQP4D79ARNP1W1QR0TD9TZB5,Shell,Costain,scostain5g@blogger.com,xN5>pL/YzLyZ?Yh$,900-547-8685,Yes,A01HQP4D79ARNP1W1QR0TD9TZB5,Male,57
01HQP4D79B7B2HP53PHTNFKWBM,Zorah,Banishevitz,zbanishevitz5h@joomla.org,aE2'B?qzp|s|s,394-416-0197,No,A01HQP4D79B7B2HP53PHTNFKWBM,Female,29
01HQP4D79DCYY3RMMTTE26S1QR,Georgina,Nannoni,gnannoni5i@patch.com,mT1!*Ucr,997-704-5998,Yes,A01HQP4D79DCYY3RMMTTE26S1QR,Male,47
01HQP4D79E2Q38VWJC47QXSWKV,Nolana,Jaquin,njaquin5j@constantcontact.com,fH1=v@}o!vR,433-477-7880,Yes,A01HQP4D79E2Q38VWJC47QXSWKV,Female,35
